Date,Weighted Returns,S&P TSX
2012-10-02,-0.0012413163741761492,0.0017008631233634288
2012-10-03,-0.011759542882591135,-0.002563103097916851
2012-10-04,0.015904229316445907,0.007137037429598595
2012-10-05,-0.002738635111872002,-0.0023048471683077094
2012-10-09,-0.010915203798629626,-0.011709486842327763
2012-10-10,-0.01851233007067801,-0.0049822504780597365
2012-10-11,0.0038806760151441026,0.001762959347942558
2012-10-12,-0.03325312022902891,-0.002608315384646811
2012-10-15,0.008221283343055764,0.002288141982815845
2012-10-16,0.01683992247720947,0.014533162823100125
2012-10-17,0.001146387467261767,0.004315868372059227
2012-10-18,-0.018687013680700162,0.0003908115156987301
2012-10-19,-0.05816818725126858,-0.004022101503916313
2012-10-22,-0.007166016210328152,-0.0010019346036316658
2012-10-23,0.008821986222842582,-0.014326555160865423
2012-10-24,-0.01481009403876521,-0.0025208901801430173
2012-10-25,0.011880772310720268,0.008627292124162087
2012-10-26,0.0014358252672742602,5.690950494397988e-06
2012-10-31,-0.012363157913458413,0.0037052447877321806
2012-11-01,0.03736204783155661,0.006186151231877263
2012-11-02,-0.011321424558151638,-0.009548183325119872
2012-11-05,0.013803951227565548,-0.0022317516140417967
2012-11-06,-1.6463405543687107e-05,0.000681627941240763
2012-11-07,-0.03443514407204917,-0.010566126266058358
2012-11-08,0.0055878171222840224,-0.003232877563551789
2012-11-09,-0.001804482468662138,0.0004716574864347206
2012-11-12,-0.00804292913774758,-0.00043781975600158614
2012-11-13,0.003681231051257794,-0.004658999004220928
2012-11-14,-0.025986579627547624,-0.01688304410671572
2012-11-15,-0.011005113455093963,-0.009925572872615668
2012-11-16,-0.0027212616825224244,0.005616617194603861
2012-11-19,0.017546969681426727,0.013696231263239099
2012-11-20,-0.014372497431639087,0.0004883558685758794
2012-11-21,0.003731231253336231,0.004464448775887563
2012-11-23,0.021261369751914838,0.004948531650360765
2012-11-26,-0.002231834336583582,-0.0023081508264801566
2012-11-27,0.0018657143638955323,-0.006025416391397661
2012-11-28,0.015921885444308972,0.002369623246416934
2012-11-29,0.004039194497371202,0.0051497776419586975
2012-11-30,0.015619404332643772,0.00299192401774997
2012-12-03,0.008456043187160823,-0.005688205919263818
2012-12-04,0.002316437901480685,-0.002675488547824316
2012-12-05,-0.002263192189368968,0.0016568922929379461
2012-12-06,0.013368060247006097,-0.000506691869652009
2012-12-07,-0.004970896901857236,0.0006962315438976413
2012-12-10,0.0038925946849285077,0.005829143910279804
2012-12-11,0.013022647933806341,0.004242682415312023
2012-12-12,-0.0008865654843933868,0.0057586652727977
2012-12-13,-0.005698967719293169,-0.005174413851109324
2012-12-14,-0.024521397170945813,0.000614362076527485
2012-12-17,0.017824387601013215,-0.0012499268097508102
2012-12-18,0.015314822606297174,0.004314672246943518
2012-12-19,-0.0016824128864748379,0.0056176495864390845
2012-12-20,-0.009758785434640573,-0.0012028736748838907
2012-12-21,0.0015676235913623779,-0.00024296314951261264
2012-12-24,-0.012085641654023883,-0.0012030002341411026
2012-12-27,-0.0030415101185116587,0.00024008148220011353
2012-12-28,-0.016824713370199664,-0.0046590489398137865
2012-12-31,0.02425625930194073,0.009533034754451877
2013-01-02,0.04033863302196994,0.008625064643749585
2013-01-03,-0.0036051006246867303,-0.005608108593013023
2013-01-04,0.009217396693388969,0.005642944434999806
2013-01-07,0.0014478473525980865,-0.003290058616628449
2013-01-08,-0.007568434404600577,0.0004208151493453939
2013-01-09,0.0033897007978484165,0.0013938636412708623
2013-01-10,0.007178372084983863,0.0061889885515690485
2013-01-11,0.010261147656695323,0.00019365478970205014
2013-01-14,-0.0029415435970429286,7.220972879294332e-05
2013-01-15,-0.0047663837010407445,0.0030849577365550194
2013-01-16,0.011581468498147231,-0.002622217898001628
2013-01-17,0.011802805753009694,0.005227293275659408
2013-01-18,-0.037893543582460706,0.004020598466397386
2013-01-22,-0.0022238440433939967,0.0023745041717958613
2013-01-23,0.022823509620173033,-0.002384474249939369
2013-01-24,-0.00015756283066601385,0.0023112306111045
2013-01-25,0.006732824931454484,-0.0005450878924984989
2013-01-28,0.003884275121731618,-5.617701377033941e-05
2013-01-29,-0.007467031047401429,0.0011431103994955986
2013-01-30,-0.0033415862791656317,-0.002815153820254064
2013-01-31,0.004435855559276215,-0.008534957372108565
2013-02-01,0.009235346093280406,0.0065895481677918704
2013-02-04,-0.02048662511849151,-0.004010547559956482
2013-02-05,0.016442535154891847,0.002204028741226647
2013-02-06,-0.001094171083397244,0.0012506227614912154
2013-02-07,-0.011038559235522726,-0.0004443020031203065
2013-02-08,0.00797723501640366,0.003552076212456608
2013-02-11,0.010192398269958282,-0.0041464765495190644
2013-02-12,0.0024249619383048147,0.0032059553739170626
2013-02-13,-0.003328725770326857,-0.0010743590986643059
2013-02-14,0.008554201287683492,-0.004186992379031989
2013-02-15,-0.007056400201797608,-0.002763762017766499
2013-02-19,0.00832848329207474,0.009740963518286568
2013-02-20,-0.02058645348077275,-0.007506512383481602
2013-02-21,-0.021121424673732306,-0.005826624875629711
2013-02-22,0.009222096491784182,0.004878176134911701
2013-02-25,-0.018305422626874315,-0.003996337477945618
2013-02-26,0.0011191431994673322,0.0007564697131501397
2013-02-27,0.017490286499988763,0.005683056828988479
2013-02-28,0.0007763370711994843,0.007024604178791296
2013-03-01,-0.004582982989664419,-0.0037989896917989966
2013-03-04,-0.0005823803425633933,-0.005144396983665772
2013-03-05,0.016021350446094474,0.002253016153567172
2013-03-06,0.0006201103813929794,0.007531383381333464
2013-03-07,0.012397008873439532,-0.00042394147113914717
2013-03-08,0.0005024206127277833,0.0007086879371801662
2013-03-11,0.000964332721249539,0.0017825409154686998
2013-03-12,0.004442387948956217,0.001562391851609337
2013-03-13,0.001599948656152761,-0.010441368535972082
2013-03-14,0.005399286821706962,0.004378493280425174
2013-03-15,-0.015064097663323062,0.0023531415455265545
2013-03-18,-0.0039154454627312605,-0.003762267118627192
2013-03-19,-0.00017078297588060104,-0.0006172858823823493
2013-03-20,0.01565648609905712,0.004124043848888275
2013-03-21,-0.015732611348819005,-0.006134151428092392
2013-03-22,-0.0010817325498736928,0.0007436536456678302
2013-03-25,-0.007654760675227812,-0.006007517235162572
2013-03-26,0.014602330698542023,0.0020243345995610714
2013-03-27,0.002597454874578431,-0.0005296551810979653
2013-03-28,0.005495052826356739,0.003956801959109109
2013-04-01,-0.025163874658898775,-0.004294935646554108
2013-04-02,-0.007599569834099241,-0.0010271647260289413
2013-04-03,-0.016398297862429724,-0.020499759503552217
2013-04-04,0.004902774153883249,-0.004755226966089647
2013-04-05,-0.004940132676820919,-0.0025236490995344117
2013-04-08,0.0310635866242418,0.001030664498838303
2013-04-09,0.013559242956809393,0.011299714206095624
2013-04-10,0.013816305475784697,0.004073998421986502
2013-04-11,-0.011365636554020498,-0.004271271193809852
2013-04-12,-0.004619031353279679,-0.011519568765287837
2013-04-15,-0.02293194123697495,-0.02696717916546108
2013-04-16,0.015967721091355937,0.009582769673666116
2013-04-17,-0.023008892607613206,-0.014243493356391725
2013-04-18,-1.1075993527142186e-05,0.0041055335561453075
2013-04-19,-0.0011786203333571388,0.005769259624185304
2013-04-22,0.00782961366537831,0.002082789429408607
2013-04-23,0.022528857128863055,2.150416684588611e-05
2013-04-24,0.019064394309292784,0.014844999644361792
2013-04-25,-0.005933038754766474,0.004814827190245161
2013-04-26,-0.010135011800225892,-0.008865721346590374
2013-04-29,0.011403881059358634,0.0075669792638417815
2013-04-30,0.011460020614194932,0.011681463078276274
2013-05-01,0.02399259228842574,-0.010854573917231897
2013-05-02,0.02319776101896274,0.004735705433440698
2013-05-03,0.012548536513914034,0.004716615345842144
2013-05-06,0.005615732460406187,0.0012775335000799496
2013-05-07,-0.00600162377505913,0.0008182162724668626
2013-05-08,0.02710079979374731,0.009703059424218712
2013-05-09,0.005227928713363639,-0.003269752603287205
2013-05-10,0.017783385043330747,0.0036025478519440134
2013-05-13,0.0012883195091038635,-0.004729491964868062
2013-05-14,0.007150820967162863,0.0037910379862006217
2013-05-15,0.015500308315050894,-0.008221323760341228
2013-05-16,-0.02732717630165587,0.0027217374224866604
2013-05-17,0.020888436051722928,0.008430874028590529
2013-05-21,0.0005030597175212922,0.010257629994331349
2013-05-22,-0.015250835679042972,0.0007902731268682432
2013-05-23,-0.0017691655004650642,-0.007403254263869818
2013-05-24,0.0016817066835226769,0.0007212778547157746
2013-05-28,0.0021911293398793052,0.004264998578333778
2013-05-29,-0.002913853987080173,-0.0014046485947239685
2013-05-30,0.025201224527964805,0.001094826590934513
2013-05-31,-0.006245020496784482,-0.007541648524502646
2013-06-03,0.0022882538573116397,-0.003210960584707923
2013-06-04,0.008229372571113515,-0.0012553728052784286
2013-06-05,-0.02060323800870019,-0.011935870896945103
2013-06-06,0.0003381894471909507,-0.0027580332137274602
2013-06-07,0.0009748856376044399,-0.0029034605413830283
2013-06-10,0.008396064840642193,0.0007572757469713658
2013-06-11,-0.015328628316397032,-0.012848602118929145
2013-06-12,-0.010241126839846282,-0.009300065365519262
2013-06-13,0.020519249141681593,0.013810199762342993
2013-06-14,-0.00035182500120434245,-0.007311969491240919
2013-06-17,0.013608259665270107,0.008331582885875124
2013-06-18,0.008282892181636803,0.006392760946870712
2013-06-19,-0.0035740710647438785,-0.008018623064072838
2013-06-20,-0.030203051564924466,-0.024430462599107222
2013-06-21,0.007153189206799927,0.0022634282959451417
2013-06-24,-0.012808922148809198,-0.013238121120471843
2013-06-25,0.017863684766735676,0.014240263042732572
2013-06-26,-0.001455410742614549,-0.004457986476108328
2013-06-27,-0.00506960994895782,0.004508069846635349
2013-06-28,0.0024225974190408726,0.010272552054093938
2013-07-02,-0.0038360297262966195,0.004062128218805717
2013-07-03,0.005978350614946538,-0.002685086193730111
2013-07-05,0.005989113159359061,-0.002609590471008477
2013-07-08,-0.02288154114017562,0.006094812404871643
2013-07-09,0.0028619261166447536,0.007225893960702287
2013-07-10,0.00783036694447703,0.0008001893130813993
2013-07-11,0.03695620214551374,0.015140250249249807
2013-07-12,-0.002378138152464526,-0.002487741390157567
2013-07-15,-0.0037210442401362843,0.005309664922188579
2013-07-16,0.011434772910601776,-0.0009147254027865558
2013-07-17,-0.0013278252519759674,0.004144799546852374
2013-07-18,-0.007879453616897037,0.00478010179198123
2013-07-19,-0.02996752556068072,0.004456462781646692
2013-07-22,-0.006671792074329153,0.0057744776758298895
2013-07-23,-0.013708450223644687,-0.0010189381410492554
2013-07-24,-0.006807043938913915,-0.005733842380533176
2013-07-25,0.0127850658084534,-0.00024936278339368975
2013-07-26,0.010202996562324885,-0.0016765147437000287
2013-07-29,-0.0065787745341265415,0.0016714237146088471
2013-07-30,0.010589734197901723,-0.0068900248164028895
2013-07-31,-0.0031720629925506174,-0.007559361773998099
2013-08-01,0.0098177912610941,0.008594786107391558
2013-08-02,0.006303115521192249,0.0007376551934420051
2013-08-06,-0.012374074313893124,-0.010626624085057448
2013-08-07,-0.001315656957940181,-0.004538338898993702
2013-08-08,0.0036345553833605497,0.011294050543272956
2013-08-09,-0.00829185910569177,-0.0008595609627083478
2013-08-12,0.004795404888959398,0.004157188611503887
2013-08-13,0.006320898857293101,0.003804904928987553
2013-08-14,0.010729604555110761,-0.00022859963344968212
2013-08-15,-0.01700558065334854,0.005160095891386483
2013-08-16,-0.0004387503250872005,0.0025502734459861244
2013-08-19,-0.004855947603025013,-0.011690424372611247
2013-08-20,0.007946161795641605,0.006521279756466874
2013-08-21,-0.006786774374203208,-0.0076581813417563585
2013-08-22,0.004786969065490876,0.008054510112080766
2013-08-23,0.003488953399751838,0.006939211872798124
2013-08-26,-0.001294256323684029,-0.00015671156452990448
2013-08-27,-0.021776568900811522,-0.013251255848216747
2013-08-28,0.013716276690226261,0.0012715219585727041
2013-08-29,-0.0009921839048266713,0.007734456922303269
2013-08-30,-0.010782639238862203,-0.0040008721161331195
2013-09-03,0.0014061990065251662,0.006843739874663177
2013-09-04,0.014653430745886941,0.0013586593932733795
2013-09-05,0.006885231692415284,0.006838948063970227
2013-09-06,0.008308465974891321,-0.001879321700326773
2013-09-09,0.016918641772916757,0.0026300764687713007
2013-09-10,0.021558407804898396,-0.0023462345114293247
2013-09-11,-0.00829745713129404,7.329731887768622e-05
2013-09-12,-0.004249347730197939,-0.009697148319509286
2013-09-13,0.0115696393264507,0.0017596970329225037
2013-09-16,-0.0008902415020044296,0.0073470927582249684
2013-09-17,0.013759650749767172,0.0013443209267779198
2013-09-18,0.01039071292318523,0.007580580188263857
2013-09-19,6.164181287593444e-05,-0.00035726990117071483
2013-09-20,-0.005719471017020594,-0.00930703547209756
2013-09-23,-0.004406521467355673,0.0003677828472639959
2013-09-24,0.003529487071089999,0.0029435227668332758
2013-09-25,0.005462574956198485,-0.0009479418066463556
2013-09-26,-0.0033457974084996514,0.00038249676124191273
2013-09-27,-0.008528921380057187,0.00019156461567926218
2013-09-30,-0.0020239222046874784,-0.004429277924148668
2013-10-01,0.003922840788447602,0.004711746677729821
2013-10-02,0.0031151476933485526,-0.0006569402153269842
2013-10-03,-0.006781605681973235,-0.008090972817197539
2013-10-04,0.008604383148628703,0.0018476465082385431
2013-10-07,-0.007121492336894765,0.0023199946702825427
2013-10-08,-0.016219325786769677,-0.007494379606279213
2013-10-09,-0.009692666166233299,0.002987612281670705
2013-10-10,0.0239341282000904,0.012888903901155739
2013-10-11,0.003050872351351109,-0.00017837186811953958
2013-10-15,-2.265431640457892e-06,0.0030522544408943565
2013-10-16,0.01425946441618633,0.001991267807347353
2013-10-17,0.004572306058695386,0.006108568125391304
2013-10-18,-0.02228843167258228,0.007650141603944625
2013-10-21,-0.0010006601366462585,0.003839803168218283
2013-10-22,-0.013194922425034328,0.004666125205038689
2013-10-23,-0.020074352041782918,-0.0003577882346547179
2013-10-24,0.004665372649985189,0.006148760280654722
2013-10-25,0.0131912484340869,0.0056038574832548505
2013-10-28,-0.000467432917383226,-0.0020582980457363024
2013-10-29,0.004854821097978146,0.005142897312561356
2013-10-30,-0.005794241184902905,0.0010951883880269827
2013-10-31,0.005544401310504732,-0.00699128152189502
2013-11-01,-0.004360011640037254,-0.0017812691318035193
2013-11-04,-0.0047336145114193606,0.001823435646667471
2013-11-05,-0.0035158415455877057,-5.2388229713053166e-06
2013-11-06,0.006507097459787793,0.001399521468434858
2013-11-07,-0.023940062712087352,-0.006443001372902559
2013-11-08,0.017609857377370104,0.00632832362985356
2013-11-11,0.006360673518075056,-0.0014904700362452197
2013-11-12,0.015443967022776351,-0.002421699022112586
2013-11-13,0.018348868245615036,0.0033483315373508543
2013-11-14,-0.009158181769171981,0.00454128666797296
2013-11-15,0.00934213380540554,0.003811224163116561
2013-11-18,-0.009068731475848546,-0.0018179026698915874
2013-11-19,-0.011498894170180239,-0.0011361221453908702
2013-11-20,-0.007661567018779203,-0.0009492091287733271
2013-11-21,0.007665025017525861,0.003374532111294013
2013-11-22,-0.009480107247839322,0.00022337115306268702
2013-11-25,0.0068044793662985995,-0.0004540618503466154
2013-11-26,0.012203187406095163,-0.009089073664177019
2013-11-27,0.008912053317101386,0.000920615111720955
2013-11-29,0.00278858646292639,0.0018375822592912863
2013-12-02,0.002802391776926982,0.0018043507472714569
2013-12-03,-0.004783423413403965,-0.007429448186491736
2013-12-04,-0.00021598834815019776,-0.0011223833265640525
2013-12-05,0.01931913155002898,-0.007855740583182795
2013-12-06,0.0014619980622155194,0.006084664101087824
2013-12-09,-0.0036818501521096673,0.0024140257455922054
2013-12-10,0.005589305226012554,0.0008435503328380371
2013-12-11,-0.01054175345594337,-0.014304252248384693
2013-12-12,-0.005011886591915182,-0.00144897520980831
2013-12-13,-0.003379033271255616,0.0008624114426977778
2013-12-16,0.01597219866789115,0.00447290430224667
2013-12-17,0.020293806754146358,-0.00032235041234306275
2013-12-18,0.005801666664493799,0.011727475235505465
2013-12-19,-0.007519495808889022,0.004309798548602121
2013-12-20,0.007333611369777549,0.0005525604456325052
2013-12-23,0.008253256067546079,0.003589659392817723
2013-12-24,0.005142386767938101,0.005229146991678852
2013-12-27,0.0002881693721373814,0.005175314136241781
2013-12-30,0.007268448405899909,-0.00048498746686410676
2013-12-31,0.005424222672941204,0.0029569874659368337
2014-01-02,-0.0025452973905732094,-0.00200858198956791
2014-01-03,-0.00047800199737899627,-0.003334512758759435
2014-01-06,0.0046847960206739545,-0.003935386445796894
2014-01-07,0.010359647479123347,0.007512852394198336
2014-01-08,0.005407982931068833,0.001301764442414494
2014-01-09,-0.014005999261205139,0.001085596890991577
2014-01-10,0.005297579359956917,0.008665818989963658
2014-01-13,-0.010970031750590192,-0.004803775517329734
2014-01-14,0.03286076936547651,0.000796697433318591
2014-01-15,0.020338076697683595,0.005857272439123128
2014-01-16,-0.009344395272185802,0.004283874190601906
2014-01-17,-0.012242315536844186,0.004094253874105431
2014-01-21,-0.0001432499967367609,-0.0027533382081429644
2014-01-22,-0.021614034614358357,0.0026111382283395073
2014-01-23,-0.00875665369616736,-0.003948327876353025
2014-01-24,-0.026131637130645147,-0.01544609656089112
2014-01-27,-0.007734630661862286,-0.009875519035177707
2014-01-28,0.008317056315824179,0.007757896496098889
2014-01-29,-0.011488093675619605,-0.0032467200383411417
2014-01-30,0.013229927252424157,0.006747673936211636
2014-01-31,-0.0033591304223304255,-0.002936962333494486
2014-02-03,-0.021169281683773633,-0.015242125923881359
2014-02-04,0.0034740748869198203,0.0013554596550547104
2014-02-05,-0.008628248772244261,0.004088272928687439
2014-02-06,0.019554072129707657,0.011335804874595151
2014-02-07,0.016580956371867562,0.00533055259818866
2014-02-10,0.010219936173260625,0.0005570666956805782
2014-02-11,0.01810034434857486,0.00629323381310085
2014-02-12,0.012614709937334047,0.0014047989372515937
2014-02-13,0.008467175019418382,0.007277441298831901
2014-02-14,0.0025930329800769375,0.0037931243817693333
2014-02-18,-0.0006887056483660504,0.0016158226821375197
2014-02-19,0.00026694618557090435,0.003001959869209469
2014-02-20,0.012375926535307146,0.0064193862063935524
2014-02-21,-0.006709781060187381,-0.0003272258217063634
2014-02-24,0.00881627844628854,0.0015036196686968757
2014-02-25,-0.0065660105302737465,-0.002677991548511737
2014-02-26,0.012208521598866096,-2.8190891804741158e-05
2014-02-27,-0.003225836871823873,0.001843736300602305
2014-02-28,1.2781403552852913e-05,-0.00036229997875442224
2014-03-03,-0.009840800116228721,0.00022168127299940647
2014-03-04,0.016672824502275186,0.005426117694406624
2014-03-05,0.001997343789566286,0.0010014093909946978
2014-03-06,0.0022006395925071366,-0.00225458729866885
2014-03-07,0.008100228251541552,0.0019030375730805563
2014-03-10,-0.007626715731614132,0.00020840501626675028
2014-03-11,8.166555133648602e-06,-0.0024353135142769593
2014-03-12,0.008215746696052984,0.0036285950391211495
2014-03-13,-0.015707151954841802,-0.005158181437251245
2014-03-14,-0.0020870968797242597,-0.0012270851672921126
2014-03-17,0.007465692759504528,0.0002973082010674674
2014-03-18,0.012602571473795754,0.009632592719589609
2014-03-19,0.00994389585720128,-0.0024316270187583733
2014-03-20,0.012948500787798436,0.0019387416248314538
2014-03-21,-0.006626050977637843,-0.001815228282189645
2014-03-24,-0.004662513583018436,-0.003990719710709509
2014-03-25,0.007476513795244744,0.0014665354675370056
2014-03-26,-0.009322037769289571,-0.008069518563249419
2014-03-27,-0.008331551104100332,-0.000370837769051277
2014-03-28,0.00663290254663873,0.005774802452104629
2014-03-31,0.008508030072406258,0.005230451197415008
2014-04-01,0.01755512385413689,0.0031558438568820473
2014-04-02,-0.003709174517704472,0.005462934310579311
2014-04-03,0.0020475843733095854,-0.003935235294565257
2014-04-04,-0.019055184803762917,-0.0006325418112913757
2014-04-07,-0.009326579115290334,-0.008529781631476224
2014-04-08,0.017758877577448852,0.007156106410994055
2014-04-09,0.009876859147970497,0.0043924313530399614
2014-04-10,-0.02829075361005995,-0.00883788528067455
2014-04-11,-0.019922288465319272,-0.003516214705060071
2014-04-14,0.01228616541874601,0.0018754791274042135
2014-04-15,0.008496570380417401,0.0013644226615972623
2014-04-16,0.0030376754841079157,0.009969295130285988
2014-04-17,0.006130869248055415,0.003728925720519473
2014-04-21,0.026690128479649158,-0.00046274617441317974
2014-04-22,0.013849019120853656,0.004297735288760277
2014-04-23,0.0030275287520028058,-0.001551253540643456
2014-04-24,-0.0011144803706824688,0.001435315504503807
2014-04-25,-0.030187603179989166,-0.0014208908050913163
2014-04-28,-0.008636952881874117,-0.00018302454249023844
2014-04-29,0.006768956853446406,0.003592342117596264
2014-04-30,0.011376520476438601,0.004715043636096842
2014-05-01,0.0051263240249882274,0.0008326582204182066
2014-05-02,-0.0029480048696231,0.006893038562963756
2014-05-05,0.00027637656865491244,-0.004613566404675806
2014-05-06,0.0010156647549999685,-0.005765790775415154
2014-05-07,-0.0017823726261459562,0.0030186917998478516
2014-05-08,0.004224428144814718,-0.007530498621762438
2014-05-09,-0.010130144978257817,-0.00082290494382324
2014-05-12,0.017750735155852394,0.008317015341893526
2014-05-13,0.0005421068974178044,0.0016970386777427258
2014-05-14,-0.005766936353190411,-0.0004141742978962212
2014-05-15,-0.00802036862496709,-0.005781761011004029
2014-05-16,0.0018417142130636277,-0.00508263479949466
2014-05-20,-0.007620888875068466,0.0007199577808490354
2014-05-21,0.005858437667635563,0.008583020256533654
2014-05-22,-0.003381511102021651,0.0035788737912853972
2014-05-23,0.009566192594224933,0.00039517653372362336
2014-05-27,0.010615688444910279,-0.0039189463762827345
2014-05-28,-0.0019456579992129354,-0.0032105291164837616
2014-05-29,0.0035680074105093555,-0.0015064034122328992
2014-05-30,0.0019131592979185542,0.0010425698902250763
2014-06-02,0.00045944273068656535,0.005245080853674595
2014-06-03,-0.00014975109227179933,0.003673515540067428
2014-06-04,0.0038961384421486666,0.004214544045378651
2014-06-05,0.0033379431698308485,0.0002291037447986636
2014-06-06,0.004690935378127015,0.0026161843977572804
2014-06-09,-0.0019765022521884166,0.002177385116147389
2014-06-10,0.008282263764924002,0.002230484271286605
2014-06-11,0.004365091932716436,-0.0008219060437267434
2014-06-12,0.0018080521213992731,0.001175117327071413
2014-06-13,0.012078624087535397,0.006169167175845503
2014-06-16,0.004920915840493768,0.0025877222511450242
2014-06-17,0.005173404685049388,0.001027896143926678
2014-06-18,-0.003917227338628826,0.0035441279127305385
2014-06-19,-0.0050470376191247505,0.0001965683273490971
2014-06-20,-0.01120705765059127,-0.00021505774796820058
2014-06-23,-0.008304791953863133,-0.00022106073412020446
2014-06-24,-0.007933305620918386,-0.009483881175429188
2014-06-25,0.006105980351986129,0.000820725593605748
2014-06-26,0.00028128659585631156,0.003745663504656212
2014-06-27,0.005882830551193629,0.004225340868114292
2014-06-30,0.00915559173694347,0.003429120360402154
2014-07-02,0.0067215165611354,0.004211010028383756
2014-07-03,0.002497661091747472,-0.00017620230128097042
2014-07-07,-0.0031859641651739382,-0.0027624127832080294
2014-07-08,-0.008614084840281656,-0.0023561698366762387
2014-07-09,0.009744700308775433,0.005153535863351048
2014-07-10,0.00022547513020634277,-0.006619043206164428
2014-07-11,0.002159475731945593,0.0007291021589892895
2014-07-14,0.018508064750483166,0.003023371128227137
2014-07-15,-0.004390212455237208,-0.0059263487535288735
2014-07-16,0.025362265191872523,0.009615869167950845
2014-07-17,-0.01830451277958385,-0.0014356700296985737
2014-07-18,-0.029594334310854745,0.0040836648145809755
2014-07-21,0.0026524294082045383,-0.0010860330775020143
2014-07-22,0.009072391439758931,0.004271478210805346
2014-07-23,-0.012598751536872644,0.005174621436448793
2014-07-24,-0.018953603914593043,4.547113946877234e-06
2014-07-25,-0.00925107136629606,0.003935834018103936
2014-07-28,-0.0016333590271798704,-0.0006353914321801514
2014-07-29,0.00072791017025613,8.611078378941364e-05
2014-07-30,0.009406871633718205,0.00506715091719513
2014-07-31,-0.013468230549612636,-0.01250127215645656
2014-08-01,0.0038917839336701566,-0.007532578336075073
2014-08-05,-0.007583697355559305,-0.0018106821704000518
2014-08-06,0.0025608737651340975,0.0009468181839132443
2014-08-07,-0.006795418870726877,-0.005503190679702584
2014-08-08,0.024010189864212973,0.005151328544035274
2014-08-11,0.005692914310260422,0.004299069971591783
2014-08-12,-0.0028793655211475813,0.0008249441082347733
2014-08-13,0.01187361971543548,-0.0007529021102864105
2014-08-14,0.001391062680886046,0.0018640177740155744
2014-08-15,0.007996306328244641,0.0008540871273505047
2014-08-18,0.01143746165683437,0.0022366350762925546
2014-08-19,0.00378753046407172,0.009042622895243185
2014-08-20,0.005657911495969037,0.005477745608531834
2014-08-21,0.0008111441756889716,-0.0003765594928656487
2014-08-22,-0.0007502575413476987,-0.0013203832068341642
2014-08-25,-0.005372469736684993,0.004067445310915964
2014-08-26,0.005366561153793304,0.0013122854794681716
2014-08-27,-0.003124355009006541,-0.0010602328798959416
2014-08-28,-0.0012149571172744846,-0.0028507977811461234
2014-08-29,0.017799179525172206,0.0043424130215828395
2014-09-02,0.002332585213234916,-0.0004255801168969153
2014-09-03,0.003913108265279442,0.002468135127036885
2014-09-04,0.005943316760603068,-0.005162978049679187
2014-09-05,0.005739580120489408,-0.00044104080494124915
2014-09-08,0.00026159565594250365,-0.003887624342321647
2014-09-09,-0.0068823127075628545,0.0017679612157538158
2014-09-10,0.002611222295102112,-0.004178463918912575
2014-09-11,-0.0014093920549144378,0.004035059711515548
2014-09-12,-0.01584244318206689,-0.00017638364601732048
2014-09-15,-0.008756952514465444,-0.0031561502435682935
2014-09-16,0.004154656815746361,0.001807194675815975
2014-09-17,0.0011371672115789045,-0.0033306383917002034
2014-09-18,0.012816756417851273,0.0004308203440353812
2014-09-19,-0.012621573978834233,-0.012944261888042739
2014-09-22,-0.007650247691183543,-0.008931993043068149
2014-09-23,-0.006576015253176304,-0.00022010707911956687
2014-09-24,0.00815231330880306,-0.00033915852983697247
2014-09-25,-0.0210257331209877,-0.01501070728955455
2014-09-26,0.002556157180318719,0.008943456807199398
2014-09-29,-0.0010035938063280628,-0.0033174128571875636
2014-09-30,-0.00959591589619837,-0.0010956858953643242
2014-10-01,-0.015758750356121686,-0.010365288349127116
2014-10-02,-0.007296037205637785,-0.003025914798884808
2014-10-03,0.007955628670057014,0.001974169141717516
2014-10-06,-0.004986270361474432,-0.003154881276124449
2014-10-07,-0.018425019255070608,-0.011304934098074225
2014-10-08,0.018971927331463825,0.006175714937450382
2014-10-09,-0.03728920070283859,-0.01403677912953826
2014-10-10,-0.06846873011851451,-0.01612934456384934
2014-10-14,0.011670012808950704,-0.013402345902542726
2014-10-15,-0.0032166340310050058,-0.011883151856421966
2014-10-16,0.007788945121620185,0.013200546796367391
2014-10-17,0.0172237673849466,0.012432247418161495
2014-10-20,0.0034714304886019455,0.007737733769665901
2014-10-21,0.038649902751448466,0.014642444396862181
2014-10-22,-0.02183190770009449,-0.016197738338198896
2014-10-23,0.014412465862240341,0.01221067253024896
2014-10-24,0.007886683433565134,0.0039339179102674485
2014-10-27,-0.002477213769153841,-0.005144453107917982
2014-10-28,0.020899749675567625,0.010729836201534315
2014-10-29,0.005925992844763384,-0.006610937313024619
2014-10-30,-0.015240152094651216,-0.004741329761274542
2014-10-31,0.034153544647722495,0.010694606496162459
2014-11-03,0.009557055826074357,-0.005180205456391765
2014-11-04,-0.0041908955629541556,-0.010124765952060964
2014-11-05,-0.003240137150671019,0.010967705621027302
2014-11-06,-0.01633709283006828,0.0010392995451001688
2014-11-07,-0.013969483261831318,0.008751402490355997
2014-11-10,0.0014143600563979895,0.00129128170430121
2014-11-11,-0.002879074969641571,0.0034310459693538435
2014-11-12,0.0012715982381675595,0.006499203605354122
2014-11-13,-0.000763877481497044,-0.005211965374725723
2014-11-14,0.004454709129570601,0.004352865630901619
2014-11-17,0.0027003422227324107,0.0026544320256549937
2014-11-18,0.017228710009829885,0.0060789517890138985
2014-11-19,-0.014174209398883277,0.0004795307811342901
2014-11-20,0.01968355416184604,0.006343728200318466
2014-11-21,0.007503360145412641,0.0023847144777043396
2014-11-24,0.012284093287392885,-0.006334403846701031
2014-11-25,0.0016378794786876317,0.0038786819673921513
2014-11-26,0.013145525529847093,-0.0023378544678959497
2014-11-28,-0.00028072482515253386,-0.011910920734142658
2014-12-01,-0.020758315409164927,-0.00809646856158491
2014-12-02,0.010073952659760365,-0.0003589665046645133
2014-12-03,0.018230155317611275,0.009164798800552924
2014-12-04,0.008543317401535333,-0.01925639451107009
2014-12-05,0.0019027561113704298,0.00025915777179603245
2014-12-08,-0.019546928778870612,-0.022767502435451933
2014-12-09,0.0032738601881468375,0.0036453181770297934
2014-12-10,-0.026031460277686103,-0.02414669763372499
2014-12-11,0.006334345032820421,0.003765984862430029
2014-12-12,-0.013065748380514663,-0.012518410484771186
2014-12-15,-0.009085244073103162,-0.0018869642161378668
2014-12-16,-0.0035828997335417777,0.01141031758887549
2014-12-17,0.024904697075748498,0.02542001165817304
2014-12-18,0.013657721196312969,0.009347905005529863
2014-12-19,-0.0027271671048164636,0.00846951400142891
2014-12-22,0.02073957437897391,-0.00247991119872058
2014-12-23,-0.0007392888909848017,0.011200508855781338
2014-12-24,-0.0021781013996474917,0.0010428921963295502
2014-12-29,-0.0019388209330947872,0.003742149665451688
2014-12-30,-0.007249225479612754,-0.0016284867893441317
2014-12-31,-0.005013847402311878,-0.0005191242646878262
2015-01-02,0.0015536419546053892,0.00828364920683079
2015-01-05,-0.011806126079610447,-0.024465132357077667
2015-01-06,-0.019432854290334613,-0.010139167772551383
2015-01-07,0.007294595575084096,0.0026834152583357185
2015-01-08,0.026106297511727085,0.012091004550227465
2015-01-09,0.004616327459891734,-0.0050353721056984975
2015-01-12,-0.009277900002570538,-0.008335812781718624
2015-01-13,-0.0014271498117974792,-0.005457409423477472
2015-01-14,-0.002739277043225274,-0.0072410545873874375
2015-01-15,-0.01679286882780604,-0.0030253265485362616
2015-01-16,-0.0005244415449998654,0.01905664650308864
2015-01-20,-0.00836479839516755,-0.0002836681222707068
2015-01-21,0.022222457579363034,0.01761058508125271
2015-01-22,0.007692074305967213,0.013980365950982149
2015-01-23,0.0007981802470667707,0.0010410471973005112
2015-01-26,0.009115352223705077,0.00125039328522564
2015-01-27,-0.01742066105698752,0.002436168005714302
2015-01-28,-0.012615011624153039,-0.015572459801481474
2015-01-29,-0.01165807453514245,0.0023556996975939992
2015-01-30,-0.02668083398116086,0.002473137085578667
2015-02-02,0.024993974110694483,0.015469404667468099
2015-02-03,0.017814286818194927,0.010899656185341795
2015-02-04,0.00942665682825954,-0.00446328988878618
2015-02-05,0.043107859425301376,0.008620499944984074
2015-02-06,-0.028929914525616864,-0.0027107581395471843
2015-02-09,-0.004044999942917539,0.0011124429193472688
2015-02-10,0.02894402678092356,0.0007827451707536543
2015-02-11,0.0010960447937520047,0.0025793183400253275
2015-02-12,0.02510405812331076,0.005083325083325112
2015-02-13,0.005483527334785032,0.0023830286856502832
2015-02-17,0.0011121892535528757,0.001297100979311311
2015-02-18,-0.009085634478867566,-0.004701461142940551
2015-02-19,0.0015966846383182354,-0.00213110713053196
2015-02-20,0.006226822198710869,-0.0005329264910578456
2015-02-23,-0.005423628262977376,0.0018467938814572165
2015-02-24,0.010359867298019144,-0.0023216708135256154
2015-02-25,-0.004765255942282875,0.004193875754452555
2015-02-26,0.027634862942940912,0.000826735537217227
2015-02-27,-0.0026439913939839913,-0.00044747250209299747
2015-03-02,0.018620943059786833,0.0019501993522528134
2015-03-03,-0.012347114543794068,-0.008529846272778124
2015-03-04,-0.0031808411555424914,-0.0033705897706135727
2015-03-05,-0.0009204691150117799,0.0013439113588687831
2015-03-06,-0.012495608393478077,-0.009972118325298603
2015-03-09,0.00035937720578356193,-0.006554756729643887
2015-03-10,-0.008779658466518138,-0.014320922495487868
2015-03-11,-0.007790346545914862,0.0066549376577679535
2015-03-12,-0.017066124916968885,0.0021385149804601755
2015-03-13,-0.0034084906094210554,-0.002655253095312845
2015-03-16,0.013948031343146329,0.008910158503886245
2015-03-17,-9.334990166451903e-05,0.0024066862413172543
2015-03-18,0.0006696339977631637,0.00427626081230827
2015-03-19,0.002412862848494024,-0.005902191115768728
2015-03-20,0.012996704581207476,0.0046040286595405225
2015-03-23,-0.002507876460304281,0.0009904694088837926
2015-03-24,-0.014069652002032008,0.008293659044701591
2015-03-25,-0.047618002791284614,-0.010071439654246356
2015-03-26,0.00233304933255305,-0.003990121485367535
2015-03-27,0.027473336609183076,-0.0038588279600263085
2015-03-30,0.005072253061497234,0.006479022333960241
2015-03-31,-0.01203702989483184,-0.0003991041286147538
2015-04-01,-0.003297758714107469,0.0026915055521108465
2015-04-02,-0.004414875646086314,0.005626215070386348
2015-04-06,0.008606988793200987,0.0049265902777869425
2015-04-07,0.0016777426306315182,0.005840145953982147
2015-04-08,0.004159472371805961,0.0016301442374796376
2015-04-09,0.009933849778592286,0.007408502918441337
2015-04-10,0.009878490817370756,0.004053160871729777
2015-04-13,-0.0051226739336702075,-0.00031452201426657205
2015-04-14,-0.012686977208503647,0.0003698746521455986
2015-04-15,0.014880671463605343,0.004002136552197383
2015-04-16,0.008910586371623364,-0.0041486337015326875
2015-04-17,-0.0330433913516921,-0.001704061346208539
2015-04-20,4.013871115580167e-05,0.0033885505401825516
2015-04-21,-0.013530648648779576,-0.004292591775560246
2015-04-22,0.007126239845532022,-0.0027152877149358465
2015-04-23,-0.006201251735421431,0.005722398964505832
2015-04-24,-0.013702374540224894,0.0010381780559823265
2015-04-27,0.011538010502648176,-0.004169822427219563
2015-04-28,-0.0015640566905287924,0.00012969171172203103
2015-04-29,-0.008347764236814248,8.275734438852661e-05
2015-04-30,-0.005668578965692484,-0.008002689716915095
2015-05-01,0.026180787955958573,0.0075700251961966615
2015-05-04,-0.00214634275059229,0.0018057637109291018
2015-05-05,-0.021491312787256047,-0.012593484809145477
2015-05-06,-0.002625653755476032,-0.009888664381169365
2015-05-07,0.017589791086780115,0.004321783506135914
2015-05-08,-0.007726648345703782,0.005381467868262775
2015-05-11,-0.003604897180274391,-0.001145680757177711
2015-05-12,0.0013071536493645785,-0.0072258035563439625
2015-05-13,0.0082981211120976,-0.00415006165596968
2015-05-14,0.010154430376618607,0.003164066880630668
2015-05-15,0.0026356327738752848,0.005323353819373281
2015-05-19,-0.013132385292167693,0.0008538454817673963
2015-05-20,0.003303227870838188,-0.0031869543192192397
2015-05-21,-0.0008084859118713259,0.0086765391767837
2015-05-22,0.002456013162704074,-0.00018745547932368456
2015-05-26,-0.011340499790928816,-0.008993639464292779
2015-05-27,0.04021034336776648,0.003963906261523456
2015-05-28,0.00390837124097676,-0.00022964209584475833
2015-05-29,0.008552790252828712,-0.006150129079234782
2015-06-01,-0.005996841951170428,0.003998910356871383
2015-06-02,-0.0071732517083795706,0.002030631286847107
2015-06-03,-0.006865397514269711,0.003306246913220652
2015-06-04,-0.0002142321700661977,-0.008927275270741506
2015-06-05,0.0007413971777189718,-0.004143310746974382
2015-06-08,-0.01985188536460594,-0.014296163175362163
2015-06-09,2.333281341147005e-05,0.005044993227445848
2015-06-10,0.007798167932712952,0.004813834256440553
2015-06-11,0.0020669066269354943,-0.0039062290114071606
2015-06-12,-0.013542417692250041,-0.00605021414777812
2015-06-15,0.0035135638859027153,0.0010107759570996589
2015-06-16,0.004366735593623994,-0.00020330644040918812
2015-06-17,0.013238677223901995,-0.0013603966637406983
2015-06-18,0.015791697555347595,0.002556169899097118
2015-06-19,0.0005395208119929999,-0.007956324167402266
2015-06-22,0.005170072216020172,0.009374112816929006
2015-06-23,-0.010014197237644275,0.007736733358214222
2015-06-24,-0.009840663741757983,0.0028581185662979757
2015-06-25,-0.0023610247495600145,-0.0033457077466414282
2015-06-26,-0.02604120311106677,-0.006001678133915077
2015-06-29,-0.031740482868146236,-0.021470696085720744
2015-06-30,0.006751410972652483,0.004360203310524756
2015-07-02,0.015827688079846514,0.0058172253360570985
2015-07-06,-0.015884497326637173,-0.006049423833585657
2015-07-07,-0.03828198718215825,0.002119426569372696
2015-07-08,-0.021993327425189068,-0.014525624807685752
2015-07-09,-0.014718566972334335,-0.009268619983111374
2015-07-10,0.014440308219732656,0.009285295573971753
2015-07-13,0.0062692872560251136,0.008476122869432987
2015-07-14,0.015084037546861918,0.0045537052353160756
2015-07-15,-0.010782387871822065,0.004307026316150048
2015-07-16,0.0033068181670486076,0.004692312518926065
2015-07-17,-0.01481535336403661,-0.005990056397765797
2015-07-20,-0.005222627188868833,-0.014839334446050142
2015-07-21,0.00223920597609133,-0.0034182405523532546
2015-07-22,-0.01614976769199652,-0.004807933089597765
2015-07-23,-0.004783468985976036,-0.0029181274777872832
2015-07-24,-0.02178245834016008,-0.005546999481962333
2015-07-27,-0.010014430247301998,-0.013031641929080502
2015-07-28,0.03662566231621849,0.005427326040237475
2015-07-29,0.024719359918074127,0.015943330283518974
2015-07-30,-0.00046969475451745805,0.005662224335398439
2015-07-31,-0.004516412774282452,0.0059557331753666435
2015-08-04,-0.011770260881309171,0.0015627116676019503
2015-08-05,0.00853458361765882,0.0008239568561284731
2015-08-06,-0.01256737288160339,-0.006693792107696408
2015-08-07,0.021661662483317468,-0.0071644207134432415
2015-08-10,0.005040540533700623,0.011444692260901695
2015-08-11,-0.015362376916571852,-0.00357518358069977
2015-08-12,0.006264038900219271,-0.005212745071513911
2015-08-13,-0.02147816297041214,-0.007052532405176531
2015-08-14,0.002987688211170636,0.0027727834588155667
2015-08-17,0.0010623065496390355,-0.0018455120788239254
2015-08-18,-0.011547116333813688,-0.004045881389577109
2015-08-19,-0.006247312968021635,-0.011078021709371834
2015-08-20,-0.03820813885600216,-0.021346291809358743
2015-08-21,-0.01844229335098362,-0.019169396520346504
2015-08-24,-0.023580082726142936,-0.031240931386919843
2015-08-25,-0.02509459859398091,0.0075225584819739386
2015-08-26,0.05776736689104629,0.017539443978486682
2015-08-27,0.03754594239069484,0.028776849387853007
2015-08-28,0.016090479711254393,0.007147698027191734
2015-08-31,-0.011207046884466788,-0.000429135950990432
2015-09-01,-0.04027332865681597,-0.027218178354758538
2015-09-02,0.029439787325976678,0.004698892589323491
2015-09-03,0.00479198999414201,0.003776969786456496
2015-09-04,-0.013937465391061821,-0.008686116408669668
2015-09-08,0.038497303060654936,0.011304087827034738
2015-09-09,-0.015104126935076102,-0.007249827044451939
2015-09-10,0.00851791316891244,0.002811145556594187
2015-09-11,0.021443871313704198,-0.007989747890366102
2015-09-14,-0.020207848300048584,-0.008032555136994638
2015-09-15,0.01610386320775872,0.008190460214448143
2015-09-16,0.0017902309182214137,0.022363253757973062
2015-09-17,-0.0008085928317338232,0.0016986612689246121
2015-09-18,-0.013656784287945768,-0.010173233646378241
2015-09-21,-0.004128072396612281,0.009712095787321727
2015-09-22,-0.02332069946109039,-0.02092610439901769
2015-09-23,-0.001992681304185751,-0.007960809689950896
2015-09-24,0.000992715932333743,-0.003363795784271784
2015-09-25,0.006586723185197974,0.0029913027310818573
2015-09-28,-0.02041798546731428,-0.02795440768333236
2015-09-29,0.005601757731882006,0.0024898920226565716
2015-09-30,0.03378467708703745,0.020710349652066126
2015-10-01,-0.009138426583488802,-0.004889922266242607
2015-10-02,0.02809935973786653,0.007389428548341692
2015-10-05,0.007262367200738119,0.015926847149944523
2015-10-06,0.002784458515445532,0.0070143592922182
2015-10-07,0.01275005352185228,0.01620032152974298
2015-10-08,0.01010850085081967,0.007954082497196818
2015-10-09,0.0009534646589995253,-0.0010229878972662096
2015-10-13,-0.0036134876746402697,-0.008566808647156119
2015-10-14,0.026160735999838414,0.002210227285039171
2015-10-15,0.011989208979241628,-0.003341181795315901
2015-10-16,0.002813152375906891,0.0006602082439979998
2015-10-19,0.003782261639653473,-0.005760906482826483
2015-10-20,0.00103927343609318,0.0060719357947665985
2015-10-21,0.005824376400686516,-0.009950209219530206
2015-10-22,0.030266868713698172,0.012691009100136532
2015-10-23,0.018615965426750505,0.005443824843584556
2015-10-26,-0.022265677540722596,-0.011664323195491377
2015-10-27,-0.00416843767342201,-0.006620307594138111
2015-10-28,0.01842992334006155,0.011939034716342046
2015-10-29,-0.027390619566859533,-0.005141684868385033
2015-10-30,0.006104745417815892,-0.01904816457219749
2015-11-02,0.015813871417844808,0.006936123945519211
2015-11-03,0.006075927504735779,0.006408275410500269
2015-11-04,-0.01009474040230629,-0.003536754457047272
2015-11-05,-0.03857708733929788,-0.007542186912139016
2015-11-06,0.045646402881693,-0.0004041661565422097
2015-11-09,-0.014317267228204322,-0.005214966096817637
2015-11-10,-0.026221233022743862,-0.005265297101008676
2015-11-11,0.003393935801503867,-0.005196982022319354
2015-11-12,-0.011537906998087722,-0.016095872186407813
2015-11-13,-0.013026696098980684,-0.003942964140051421
2015-11-16,0.013847640372197568,0.018515657623235076
2015-11-17,0.004126800896593675,-0.0027880566351693873
2015-11-18,0.009063426283722566,0.009004253640141588
2015-11-19,0.009775310163677142,0.0055119526386999814
2015-11-20,0.01835974836277066,-0.0029939519795039826
2015-11-23,-0.009864631625073273,-0.003804670268113542
2015-11-24,0.01978198709304786,0.0019017543964527034
2015-11-25,0.0025090402795036274,-0.00032891228483653614
2015-11-27,-0.0020549050852520126,-0.004242025624963276
2015-11-30,0.008073164813951062,0.007599354888900869
2015-12-01,0.012534618266675191,0.01234091298850836
2015-12-02,0.0003914136474807212,-0.012631214588378152
2015-12-03,0.008726873548334792,-0.010335105490120905
2015-12-04,0.025408199618363846,0.002559162816039749
2015-12-07,0.005577518517831236,-0.023650380985674617
2015-12-08,-0.008836548024059776,-0.00922805863451418
2015-12-09,-0.014487992584082666,0.0011700549507950725
2015-12-10,0.011972390583049863,0.006106237715061306
2015-12-11,-0.021656640986477727,-0.01741162624005207
2015-12-14,-0.005335033050017035,-0.0073854862606969485
2015-12-15,0.014434732465585222,0.01765036245154775
2015-12-16,0.01820982093596557,0.019080356389570258
2015-12-17,-0.010461161087095584,-0.011860022117441155
2015-12-18,-0.018595704166054338,0.0011045409160540434
2015-12-21,0.02678990105662322,0.0007739379467610488
2015-12-22,0.022389105116514287,0.003719394401575018
2015-12-23,0.008437234722475285,0.015443870835581765
2015-12-24,0.008793097351712654,0.0018735542807591032
2015-12-29,0.013473358041238193,-0.004812243609971545
2015-12-30,-0.008153611503196668,-0.007810807240058066
2015-12-31,-0.017783037951853344,-0.010069782359086593
2016-01-04,-0.016714380600129218,-0.0063643595863167104
2016-01-05,-0.00977329873125803,-0.0005422695644438425
2016-01-06,-0.0383478204107768,-0.01496423413368587
2016-01-07,-0.05033336349220441,-0.021890027343872784
2016-01-08,-0.02102510239438471,-0.00022171862460533678
2016-01-11,0.023031087188452707,-0.010140252059989854
2016-01-12,0.016535426638020215,0.004436146681007337
2016-01-13,-0.03450172629377908,-0.01644509815013858
2016-01-14,0.00766902382537964,0.013608415821652746
2016-01-15,-0.06171496203004506,-0.02128480556548594
2016-01-19,-0.0047927969355539895,0.005030074098760921
2016-01-20,-0.010053988813876535,-0.013258358439757846
2016-01-21,0.0410318905272475,0.016275285799084868
2016-01-22,0.00403007799458488,0.02938884300747926
2016-01-25,0.00562502525435098,-0.019889294068079797
2016-01-26,0.0033399583729605054,0.015495142944670075
2016-01-27,-0.004939063670240551,0.0037668311259460244
2016-01-28,-0.015885760902247227,0.017301985737333932
2016-01-29,0.047036022098882135,0.01828155016744843
2016-02-01,0.0028639717832309895,-0.01152382638453973
2016-02-02,-0.04838476239776797,-0.01831333628417038
2016-02-03,0.010308969000696822,0.012116769782981566
2016-02-04,0.016269061631895187,0.014411157927169143
2016-02-05,-0.04649808615354687,-0.0008227327879760632
2016-02-08,-0.026361218667149737,-0.017908976738465022
2016-02-09,-0.0060810177657771415,-0.02016289867096383
2016-02-10,-0.014489167756382782,-0.007891619479509738
2016-02-11,-0.0035031033493091008,-0.008070922358301237
2016-02-12,0.019365730414406014,0.024312153925957338
2016-02-16,0.028199853853978454,0.014032520167608397
2016-02-17,0.03170676913344504,0.0248650336360552
2016-02-18,0.015008403271711067,0.004989446000516099
2016-02-19,0.0017402573813172899,-0.009122010368592394
2016-02-22,0.03261492118589491,0.0025153355081398822
2016-02-23,-0.014371183185459603,-0.0063982848641910665
2016-02-24,0.01706880818803258,-0.001815341318641375
2016-02-25,0.007921783276811211,0.0010462886579326754
2016-02-26,0.004790373735650788,0.003464904027098271
2016-02-29,0.0014100435797030468,0.004888344003144252
2016-03-01,0.02979502121273363,0.009467082933201662
2016-03-02,0.015915340255098866,0.0027599540906324805
2016-03-03,0.009136213304973963,0.008121106811912443
2016-03-04,0.006302753039511334,0.0067702201750275545
2016-03-07,0.008173448353354939,0.012949858088930965
2016-03-08,-0.028489089849825212,-0.005420813532980745
2016-03-09,-0.00030830109245876306,0.006149026560639497
2016-03-10,0.005944985244586332,-0.0010274100456212037
2016-03-11,0.03667047699059842,0.010677816361888776
2016-03-14,0.012631319996569568,-0.0032879751516047277
2016-03-15,-0.017575972189034707,-0.005730274219182535
2016-03-16,0.01640509898929272,0.005807328337926489
2016-03-17,0.01730827680400271,0.010622393462594594
2016-03-18,0.02156793236811847,-0.009120274863632661
2016-03-21,-0.007316253170437959,0.004743251683513566
2016-03-22,0.00040870356948827805,-0.004984850037865715
2016-03-23,-0.0125668315353777,-0.008449259605928504
2016-03-24,0.007194412108173554,-0.0015972220146073675
2016-03-28,-0.0010071728008447245,0.002401537343231934
2016-03-29,0.015317450394979294,0.0026915226744354676
2016-03-30,0.008889155534136961,0.00579090332878254
2016-03-31,-0.0060801749007588285,-0.0007123825716565769
2016-04-01,0.005387826912706962,-0.003995743406875174
2016-04-04,-0.007937430731607686,-0.007759418590462877
2016-04-05,-0.009342016924406794,-0.0023612511856870074
2016-04-06,0.009685798274596548,0.0032169179821204957
2016-04-07,-0.02233774189405682,-0.006070068762146403
2016-04-08,0.012853161442537743,0.009821022067713648
2016-04-11,0.004108443478040847,0.0019430114662309873
2016-04-12,0.0036628667102360348,0.011820221772571353
2016-04-13,0.015657453542821952,0.006621546200618219
2016-04-14,-0.00854608300168811,-0.0002238257377654358
2016-04-15,-0.009215523086619238,-0.0022746078697481647
2016-04-18,0.007236934223820013,0.006058428416390386
2016-04-19,-0.01903404247475793,0.010747954419227143
2016-04-20,0.013162190213098637,0.003173657703601587
2016-04-21,-0.01039938606156925,-0.0021629913545041578
2016-04-22,0.10426310390446317,-0.0005186871452036371
2016-04-25,-0.030200190896552574,-0.005622747585411577
2016-04-26,0.016514872843664243,0.0009749209734133417
2016-04-27,0.011643390206874573,0.005664241272636641
2016-04-28,-0.02405145126916768,-8.85678364821405e-05
2016-04-29,-0.02162100775227165,0.004682268948894744
2016-05-02,0.018375123412709683,-0.006151331940407737
2016-05-03,-0.016994562334866695,-0.011391476622410876
2016-05-04,-0.010383519344214331,-0.005520992611441199
2016-05-05,0.008072201108279753,7.335680751333831e-07
2016-05-06,0.0022995343527381753,0.005095360111971685
2016-05-09,-0.0016361737922231834,-0.010044907590207416
2016-05-10,0.012403679356867793,0.015581870620709206
2016-05-11,-0.00036510019108968453,0.000945177525681941
2016-05-12,-0.014527468291078385,-2.9735549429538316e-05
2016-05-13,0.03391948661399605,-0.0028445437270630085
2016-05-16,0.02161505513639117,0.010539997585205152
2016-05-17,-0.0040858920731590585,0.0016993570370008244
2016-05-18,0.014730889597733344,-0.006545185419376174
2016-05-19,-0.006822436142980327,-0.0006285255109753652
2016-05-20,0.024566741046290065,0.007400856316565022
2016-05-24,0.02742468004746597,0.0023901583237425582
2016-05-25,0.004533617786404398,0.007230780808221934
2016-05-26,0.009323157079925481,-0.00032304568036686706
2016-05-27,0.011908908632536908,0.003988127437861148
2016-05-31,0.002423074764562161,-0.0014829622614854624
2016-06-01,-0.005283460857949596,-0.0001592517443042463
2016-06-02,-0.005898263908784807,0.0052227248615923805
2016-06-03,0.002556364666933631,0.006351422756895271
2016-06-06,0.014413122001126677,0.0034709189289494316
2016-06-07,0.005672572568403856,0.006265690493802306
2016-06-08,-0.0036911564841165543,-0.003655257242818106
2016-06-09,0.00888214819826727,-0.005105812158092931
2016-06-10,-0.021515341140856847,-0.014219081152975878
2016-06-13,0.0023898542138203194,-0.003110231564789961
2016-06-14,-0.0020662392149816133,-0.00783556811977805
2016-06-15,0.0015754067039773557,0.002824787546734761
2016-06-16,0.01709881979123842,-0.0029475453282053563
2016-06-17,0.01555390057003907,0.0013945705392651984
2016-06-20,0.0025562531628426925,0.008155076655706358
2016-06-21,0.012016075351542166,-0.00020121097613007855
2016-06-22,-0.016400774239378513,-0.0006073226988821421
2016-06-23,0.027229940543117784,0.009109663727228498
2016-06-24,-0.0576159009196686,-0.016948097071906636
2016-06-27,-0.02452423485079356,-0.014547347083332014
2016-06-28,0.036922824683789116,0.01116890763116159
2016-06-29,0.019216816569248785,0.014018229115872657
2016-06-30,0.007973849012468559,0.0019805168436546586
2016-07-05,-0.010340374465925107,-0.002756179136214938
2016-07-06,0.0076663217896994155,0.0008080413120790419
2016-07-07,0.008423887876656334,-0.006787969413381742
2016-07-08,0.026284225925012672,0.008870519284076011
2016-07-11,0.006030155630984946,0.00715576051344188
2016-07-12,0.014779198965975038,0.008062314961551057
2016-07-13,-0.0022640033017876427,0.0011141295526144192
2016-07-14,0.010675419017297072,0.0014295767845562354
2016-07-15,-0.004163273897218533,-0.002211578474520712
2016-07-18,0.01883705398641602,0.0034510806895532353
2016-07-19,-0.0039208592942795665,-0.0005360435991301543
2016-07-20,0.010895746546340979,0.0006168840333750184
2016-07-21,-0.0067214831403466626,0.002219688624336637
2016-07-22,0.03458907993184288,0.0023912128591367554
2016-07-25,0.03204692236476925,-0.007024339995589206
2016-07-26,0.02073574867078376,0.0035797794193721684
2016-07-27,-0.0006860588356446535,-0.00023780068728516336
2016-07-28,-0.0027748695981809623,0.0004248432960689258
2016-07-29,0.0027052080723262376,0.0020628446091177756
2016-08-02,-0.02030820248882941,-0.007250352128612288
2016-08-03,0.002906073200500536,0.0024203892930929143
2016-08-04,0.014436396738402267,0.0011528350577624377
2016-08-05,0.01708952644592823,0.008258780159104879
2016-08-08,0.0009497320328879732,0.007294127766358565
2016-08-09,0.0020100645480922497,0.0030910256566649696
2016-08-10,-0.006898676155709604,-0.0017694475391571303
2016-08-11,0.00812001174422381,0.0014226695832971427
2016-08-12,0.015387900019734045,-0.003285334068664142
2016-08-15,0.014271544730767749,0.0020050924058057297
2016-08-16,-0.009174046231810862,-0.0049793530766013665
2016-08-17,-0.007222216479854771,-0.00039718596464501815
2016-08-18,0.017113071648466986,-0.0001306335728282218
2016-08-19,0.018798148469019907,-0.0005593480533055404
2016-08-22,0.0017682748999541921,0.0041348197714241525
2016-08-23,0.006311045421015616,0.001124205749993723
2016-08-24,-0.014544373117105503,-0.009382469215571976
2016-08-25,0.0002551491556276985,0.00030629881637382974
2016-08-26,0.010340274442940878,0.0006260799195118118
2016-08-29,-0.00026737250492316896,0.0028750235657669424
2016-08-30,-0.0035304373179130713,0.00019615896231915873
2016-08-31,-0.0024895548735951456,-0.0059176634422550885
2016-09-01,0.007268081738590837,0.005888498042533309
2016-09-02,-0.002212730370610361,0.007613094877318158
2016-09-06,-0.0030347843741165507,0.0011706103800428306
2016-09-07,-0.02180449130985953,-0.001098358066079735
2016-09-08,-0.01631399166264327,0.00043996147802728426
2016-09-09,-0.04199421510873331,-0.017783920568847686
2016-09-12,0.019454017834812598,0.003929848693259933
2016-09-13,-0.014396183605525059,-0.016992369738181527
2016-09-14,0.018514161343689974,0.0012098319755245112
2016-09-15,0.018917503947775183,0.009550717434914443
2016-09-16,0.0073047401018041976,-0.0036528685498221874
2016-09-19,0.0025936759019470792,0.003151406611033733
2016-09-20,-0.00510505789658291,0.0017763239131829449
2016-09-21,0.015943464543028977,0.013003736405090777
2016-09-22,0.0022478051738324956,0.005870508917925757
2016-09-23,-0.001530559749563221,-0.00670735910491053
2016-09-26,-0.013128583494867497,-0.0053388470349226835
2016-09-27,0.024903850693418453,-0.004201249567357362
2016-09-28,0.003903787598601927,0.01191025715000092
2016-09-29,0.018253752917684163,0.0015694335173163081
2016-09-30,0.01600723706055982,-0.0019444849216003668
2016-10-03,-0.006451231820753356,-0.0025003633064554264
2016-10-04,-0.0028933977437974436,-0.011439141019426773
2016-10-05,0.002432270780088874,0.006168303719920288
2016-10-06,0.006064857822925918,-0.0010321287724375026
2016-10-07,-0.005473072595427175,-0.0020033571991367053
2016-10-11,-0.024318580748255415,-0.0011437390242931167
2016-10-12,0.003000284667113595,0.004767828668829313
2016-10-13,-0.010925338325054091,0.0016923216888740987
2016-10-14,0.013928841109893142,-0.0040099127884941285
2016-10-17,-0.0074122518055081965,0.0007905387662247732
2016-10-18,0.014003127244304903,0.010668981373642455
2016-10-19,-0.012325668285709935,0.0059814604551847875
2016-10-20,0.015396880904144705,0.0005006573233094252
2016-10-21,-0.013509626452145509,0.0061368865133972165
2016-10-24,0.02959243184193987,-0.0010730274502244222
2016-10-25,0.012039334965071724,-0.0035100157407923077
2016-10-26,-0.005147848105497044,-0.004241245999665092
2016-10-27,-0.005006369347730245,0.0017686911280454384
2016-10-28,-0.0063882501507711575,-0.0032668745259964017
2016-10-31,0.005316420025429069,0.00013391688631062112
2016-11-01,-0.014682862786553442,-0.0006052503268014127
2016-11-02,-0.008859713706522077,-0.012423604306849518
2016-11-03,-0.007893887015646618,-0.0007742526064219987
2016-11-04,-0.00884774243261839,-0.0050859126322906475
2016-11-07,0.040383556130583954,0.009869565966538638
2016-11-08,0.0005911317662795845,0.0002996085978794958
2016-11-09,-0.01021711654990234,0.007032211581759759
2016-11-10,-0.03711768834952898,-0.0010609820791590095
2016-11-11,0.07388366662896338,-0.012807704698441775
2016-11-14,-0.014913727458350623,0.0029569761346469026
2016-11-15,0.019726215596045194,0.010799091684391126
2016-11-16,0.03255719945540823,-0.0015505451982570611
2016-11-17,0.023466408582078116,0.0063034421531749886
2016-11-18,0.010849216176828725,0.002559002407242942
2016-11-21,0.009314671057572266,0.011829900773881656
2016-11-22,0.007394276539478461,0.004023306052512316
2016-11-23,0.001177539898266189,-0.0012893715257496399
2016-11-25,0.001204508651044045,1.5920186796843937e-05
2016-11-28,-0.004183001420789379,-0.003985289981585939
2016-11-29,-0.0007988794512665542,-0.0010356062059118855
2016-11-30,-0.007714189129454163,0.005536070123554957
2016-12-01,-0.04766866426917704,-0.003667741839241238
2016-12-02,0.014526397354390765,0.001662947936221041
2016-12-05,0.01654862316207222,0.0028334126113102416
2016-12-06,0.02460556223746544,0.0020291258727128743
2016-12-07,0.017658183359480176,0.007401261420883572
2016-12-08,0.017256777183133013,0.003770241669537873
2016-12-09,0.006557654865877539,0.0011114598043830744
2016-12-12,0.0016883234422616629,-0.0016000313475529316
2016-12-13,0.009453546506878819,0.006382255015469933
2016-12-14,0.0032524308174911604,-0.012225329812216499
2016-12-15,0.016000869456599665,0.0013903895327948474
2016-12-16,-0.009271259625583329,0.0022269227003524857
2016-12-19,0.015077695635067691,0.0011572101073943192
2016-12-20,0.02034567364840949,0.0015134398831683849
2016-12-21,0.00035093054587742584,0.0008454870737908352
2016-12-22,0.0013697381360586736,0.0019169091114597156
2016-12-23,0.006659055594376141,-0.0004616820223759231
2016-12-28,-0.03155125958182212,0.0021496397151646303
2016-12-29,0.005411218125552319,0.003972371770250857
2016-12-30,-0.02083170864934174,-0.008723184620532108
2017-01-03,-0.003120393730529725,0.007551222920028631
2017-01-04,0.0024574524425223345,0.007382962962482014
2017-01-05,-0.011618544832656808,0.004500298064994275
2017-01-06,0.007401596211493834,-0.0058082016709246455
2017-01-09,0.0125811427580071,-0.006911438721480542
2017-01-10,0.0012634015070752901,0.002425766540277272
2017-01-11,-0.0042724994289573106,0.004230443113958791
2017-01-12,-0.012991120682398851,-0.004736778912877675
2017-01-13,0.0011669010804586043,0.005131611035298687
2017-01-17,-0.02832749359103719,-0.0024503707857401916
2017-01-18,0.014171946760182274,-0.002817756985136038
2017-01-19,-0.0005220672577479053,0.000776731816454838
2017-01-20,0.0005157827962608556,0.008959876857664029
2017-01-23,-0.021090464301403534,-0.004357507261440145
2017-01-24,0.02708839959685463,0.008434037698649902
2017-01-25,0.011820229787575577,0.0021235448272946063
2017-01-26,-0.002919362008008663,-0.0018102972160287825
2017-01-27,0.01116693403123188,-0.002542982878572148
2017-01-30,-0.011895485987630707,-0.010958659613849854
2017-01-31,-0.0135901662395586,-0.001243742340209078
2017-02-01,0.0428348217098854,0.0010678566693271198
2017-02-02,0.005561499403797176,-0.00021295396363803514
2017-02-03,2.6486189286956013e-05,0.005018471846749509
2017-02-06,0.026458747764867053,-0.001256753028322426
2017-02-07,-0.000633647690478334,0.0027081686284606632
2017-02-08,0.00288037611967984,0.0035641469016957188
2017-02-09,-0.012368765302821893,0.004067110538483789
2017-02-10,0.0013767387875758493,0.007160008452165325
2017-02-13,-0.0033418185465790905,0.0017458065041146057
2017-02-14,-0.0012783241311144391,0.0018690604179333794
2017-02-15,0.005922750070973759,0.00373241403950202
2017-02-16,-0.0026874455683405522,0.0012130047743917995
2017-02-17,0.003517325364457435,-0.0016099171907512889
2017-02-21,0.02388440442027089,0.005287073440064047
2017-02-22,0.0035184151966836334,-0.005787455008268333
2017-02-23,-0.02059569841819242,-0.0030966088910955513
2017-02-24,0.0012124852222049841,-0.01569779230983711
2017-02-27,0.02199664621578359,-0.004503823035033327
2017-02-28,-0.020113920525330453,-0.004156236197344615
2017-03-01,0.01389403062140775,0.013016226774827881
2017-03-02,-0.021921968299935514,-0.004040467496769206
2017-03-03,-0.012508592691652321,0.004624549050149187
2017-03-06,-0.0035417129397097295,0.0013614376781881667
2017-03-07,0.005852095149281266,-0.0013416721316719298
2017-03-08,0.005207881769337619,-0.0071626353885442095
2017-03-09,0.005646792098022325,-9.034018240935843e-06
2017-03-10,0.016562325990796545,0.0006349681612509483
2017-03-13,0.006105544624953919,0.0024595851594280283
2017-03-14,-0.00516158565974001,-0.010627977680024544
2017-03-15,0.001775279416109932,0.009187489149594772
2017-03-16,-0.005816281920909461,0.0026738122957996662
2017-03-17,-0.0010147768690711443,-0.004621392187970891
2017-03-20,0.021691420014906315,-0.0031096498561375445
2017-03-21,-0.024902890729960925,-0.008365970916287224
2017-03-22,0.012155456603391636,0.0023071703825409914
2017-03-23,-0.008134678808269081,0.005547787856241047
2017-03-24,0.0011512633892181376,0.0005870305132758629
2017-03-27,0.0018820279653012587,0.004115221007766097
2017-03-28,0.004282292124109333,0.005955674561563061
2017-03-29,-0.00021455401043537491,0.003786244508310665
2017-03-30,0.008066678787465186,-0.0050371607963656684
2017-03-31,0.00753800458911611,-0.0019905306969232608
2017-04-03,-0.002294723453586811,0.0023572542650865647
2017-04-04,-0.019132380029638376,0.005432997099663771
2017-04-05,-0.004109994617446256,-0.0016644255211062256
2017-04-06,-0.011759301459033722,0.003464171491511566
2017-04-07,0.002841221904789393,-0.0019143565914387865
2017-04-10,-0.012093940058384201,0.0040632840858537385
2017-04-11,-0.0041699784794727805,-0.00023393612145355006
2017-04-12,-0.022195653219064117,-0.005004733864009405
2017-04-13,-0.013188508675668476,-0.007216073208762562
2017-04-17,0.019771758394883546,0.009617340436214386
2017-04-18,0.0026653122103800883,-0.0039732506890389225
2017-04-19,0.00015932430956850936,-0.00446085375197554
2017-04-20,0.013397504976069863,0.004673089485677269
2017-04-21,-0.0012260840729336753,-0.0007090945860500314
2017-04-24,0.011356030522832938,0.006274944794831436
2017-04-25,0.012124582191070932,0.00208306019553917
2017-04-26,-0.003446230109845483,-0.006074871119370401
2017-04-27,0.010828686342069594,-0.009142121749265571
2017-04-28,-0.014089370460556363,0.005137210467630599
2017-05-01,0.01008599182207204,-0.0006736758900381301
2017-05-02,-0.048173833119556836,0.0028262099189567576
2017-05-03,0.006895316100790527,-0.004898317183803748
2017-05-04,-0.006845192049266258,-0.009421519718666801
2017-05-05,0.004499772244501443,0.012037644430300008
2017-05-08,-0.0089599989804102,0.004494918508744622
2017-05-09,0.00719167165059933,-0.005295142881968352
2017-05-10,0.04875650495100794,0.004111322354391902
2017-05-11,0.009496832680169097,-0.005287461756094868
2017-05-12,0.011241649577770498,-0.0008147621788296924
2017-05-15,0.016368127603406314,0.005894626551369952
2017-05-16,0.031417799953248074,-0.005511383303464508
2017-05-17,-0.051947013569877167,-0.01734827736398826
2017-05-18,0.01920101518688897,0.00023046181404877126
2017-05-19,0.010243449831959439,0.011864739611970675
2017-05-23,-0.006666952863137388,0.0011954619024146897
2017-05-24,0.004296916614873236,-0.0037119740723942024
2017-05-25,0.002427660409985411,-0.0005681121749163051
2017-05-26,0.0026216900679608686,0.0004023170868609552
2017-05-30,0.0042486886593350315,-0.0032136097279778894
2017-05-31,-0.00037350041148405123,-0.0014597637966869417
2017-06-01,-0.003960958059299991,0.00781763541284607
2017-06-02,0.0164243655512232,-0.0017556663225577818
2017-06-05,0.011552386496889545,-0.0021349824351232353
2017-06-06,0.011102147264867359,0.0035548852741569856
2017-06-07,0.0069556034191182075,-0.005976245040272732
2017-06-08,0.026730813075596774,0.0033144376775127425
2017-06-09,-0.03957683797313951,0.003249673055139987
2017-06-12,-0.0015093289481241446,-0.005778374364466058
2017-06-13,0.0010060727750730747,-0.0002632639529894612
2017-06-14,-0.008523477085710308,-0.013629610364277754
2017-06-15,-0.007383548150171793,-0.0006400736183539052
2017-06-16,-0.004403705797563218,0.002118674812439286
2017-06-19,0.024690781142136808,0.004837900706530968
2017-06-20,0.004127930143355685,-0.007627387325069271
2017-06-21,0.025307048315083812,-7.062892749641634e-05
2017-06-22,0.002661353811846534,0.004711348229828174
2017-06-23,-0.007060572519501828,0.006548006228687433
2017-06-26,-0.007433156114246287,-0.00023107713276354245
2017-06-27,-0.029541741821612046,-0.002272130749372297
2017-06-28,0.015266406418610368,0.004866103622616557
2017-06-29,-0.029740614427396374,-0.009257872382547572
2017-06-30,-0.003940460106322542,-0.0020527928631431697
2017-07-05,0.031149789722542655,0.0014877126566609157
2017-07-06,-0.005516264679987404,-0.0049573949127308965
2017-07-07,0.017222945444626703,-0.0033717999734712923
2017-07-10,0.017651541383178017,0.005198587091639458
2017-07-11,0.0037841568582867697,0.002903620455893486
2017-07-12,0.023960742823945228,-0.00033995329107788536
2017-07-13,-0.01217965899429996,-0.0005936348346769763
2017-07-14,0.018186432827896493,0.0026303270564915424
2017-07-17,-0.006055149728767729,-0.0006227425582263573
2017-07-18,-0.001303396821985681,-0.0010411886035017219
2017-07-19,0.004747152133207555,0.006280046232335269
2017-07-20,-0.0029638792908714524,0.0013073387424228007
2017-07-21,0.0010263604177029651,-0.005339791832627577
2017-07-24,-0.001987923014134441,-0.0035855584454587883
2017-07-25,0.0005080980816303261,0.004870216786780633
2017-07-26,0.013640285408052333,-0.002037840152555252
2017-07-27,-0.02116775062517131,0.0013162933653410244
2017-07-28,0.003824440679797147,-0.004128004339308722
2017-07-31,-0.008046545634847281,0.0010060382122662078
2017-08-01,0.011073421988536137,0.0038451201707357207
2017-08-02,-0.00035849791130333465,0.0041790278974614585
2017-08-03,-0.0034839793102964477,-0.004825873547308567
2017-08-04,-0.004130522024837768,0.0043450614667232025
2017-08-08,-0.009654014743578233,-0.00010617401921743072
2017-08-09,-0.0010757462886067826,-0.0025576235469165582
2017-08-10,-0.03049992962348973,-0.009402437878392591
2017-08-11,-0.006034339206842441,-0.0027112459989718095
2017-08-14,0.03591004839384029,0.005755857964077318
2017-08-15,0.003952389705444781,-0.001459664773136858
2017-08-16,-0.01154186925774139,-0.0010352474261219498
2017-08-17,-0.021630800957980336,-0.0032203503332734204
2017-08-18,0.0002466096454594835,-0.005408537120750496
2017-08-21,-0.008178555067871485,-3.00956439565424e-05
2017-08-22,0.010604147652860196,0.0022124308113762236
2017-08-23,0.010035834969152812,0.005218565815324214
2017-08-24,-0.0005748433833736799,0.0008630327235453916
2017-08-25,-0.012216264489688244,-0.0013378738352471766
2017-08-28,-0.004668314033969035,-0.0002630182405806013
2017-08-29,-0.002387220613388341,0.002037598915229379
2017-08-30,0.015392773579371698,0.0033435658071829626
2017-08-31,0.016273733976418917,0.005203153610654346
2017-09-01,0.003946588716431587,-0.0013325120448702517
2017-09-05,-0.020516552127460754,-0.006678032596961527
2017-09-06,0.005096715520345941,-0.002009257694588835
2017-09-07,-0.006389521011354526,-0.0023439839626343243
2017-09-08,-0.016409420930700393,-0.0026097322179130357
2017-09-11,0.02141588627297888,0.0036689239869418582
2017-09-12,-0.0006640529098080443,0.006855581338138241
2017-09-13,0.0006293096393625186,-0.0010961863939496035
2017-09-14,0.002772852283408889,0.003035008703090728
2017-09-15,0.02542266994218925,2.0431405838986662e-05
2017-09-18,0.016854057212977724,0.00419428420032119
2017-09-19,0.0017849519247526981,0.003695033101064686
2017-09-20,0.00026017756352547644,0.006318589521852264
2017-09-21,-0.011459880471325446,0.00424442480636272
2017-09-22,-0.004413289143542976,-4.464597681518308e-05
2017-09-25,-0.02434484873137537,0.004011846594751081
2017-09-26,-0.00015026106864524073,-0.0027139324436411916
2017-09-27,0.013838318299664998,0.008759141069088197
2017-09-28,0.004237362702924252,0.0005503002627860021
2017-09-29,0.005003590123051449,0.0010686216445504784
2017-10-02,0.003130468322050417,0.004480989373799931
2017-10-03,0.013049296762013385,0.0014969754855141814
2017-10-04,0.0017094243501781128,-0.00047747688751192697
2017-10-05,0.004165362228013847,0.003517587939698446
2017-10-06,0.0017102562216012587,-0.0030412707669098308
2017-10-10,0.009553832765191263,0.002672885597444665
2017-10-11,0.007535605845348981,0.001904839204685185
2017-10-12,-0.001329887323115209,-0.0036834510518720357
2017-10-13,0.0051518566320820644,0.004127123273748227
2017-10-16,0.0017219327339171864,-0.00028278306616550243
2017-10-17,-0.004582492470752641,0.000898580622298652
2017-10-18,0.0012535082656624174,-0.002196384879464357
2017-10-19,-0.0017541992155434285,0.0022709185561418806
2017-10-20,-0.0022744097280383625,0.0024794537868250946
2017-10-23,0.011185975322649666,-9.20716241560076e-05
2017-10-24,0.010803889809955792,0.0031143256456958985
2017-10-25,-0.035824327220187184,-0.0031669007628979677
2017-10-26,-0.0021544532957312734,0.0023248523945789664
2017-10-27,0.028619651479602375,0.003893873693258717
2017-10-30,-0.0073232492675155084,0.0030883485828510737
2017-10-31,-0.0015142134372833945,0.0014253773406870238
2017-11-01,0.008397740637734486,0.0002333767430715363
2017-11-02,0.006723611989248424,-0.0008946100679192546
2017-11-03,0.04070064718215987,0.00032282255561820976
2017-11-06,0.02218276598195992,0.004496833989173696
2017-11-07,0.00523022308071246,0.002460198108400352
2017-11-08,-0.0035685672290670435,-0.0016389997638204135
2017-11-09,-0.02314301115317179,-0.001444240578441339
2017-11-10,0.009362111294001442,-0.002663211062741219
2017-11-13,0.000454332006156455,-0.000810511208123068
2017-11-14,-0.0003054398364893852,-0.0070590393516641444
2017-11-15,-0.005969396735163923,-0.0021774471772680573
2017-11-16,0.01203800807266533,0.0035828366443136396
2017-11-17,-0.0007228562694234554,0.003966020243019077
2017-11-20,0.0032983384116815895,0.00036440756892646824
2017-11-21,0.0061695811334497195,0.004514383544525256
2017-11-22,0.0006438383227615366,-0.00019096018138105322
2017-11-24,0.009903282484890454,0.0021021133113106557
2017-11-27,-0.0014037187893711116,-0.004095457624088228
2017-11-28,-0.013082743000037225,-0.0007779520412514919
2017-11-29,-0.03282283031320887,-0.0038628440813393236
2017-11-30,0.013718478888205012,0.00624760454216383
2017-12-01,-0.013834694881265498,-0.0017743915038325997
2017-12-04,-0.0337223081297865,-0.0043606291426443655
2017-12-05,-0.007040242269558106,-0.003340841616554065
2017-12-06,0.006090270513231433,-0.00043353472801662486
2017-12-07,0.002740409536802746,0.0067195598908275575
2017-12-08,-0.007332038150448029,0.005019455933185442
2017-12-11,0.01215646954497096,0.0004622246299873515
2017-12-12,-0.01251834638287661,0.0006532737272806013
2017-12-13,0.0021236225176227475,0.0014000222166645768
2017-12-14,-0.0023423070551310096,-0.007444571622629132
2017-12-15,0.019730775657810052,0.0015933608300461174
2017-12-18,0.028587677154765734,0.005589085636561064
2017-12-19,-0.0022070319095783162,0.00010600286145741821
2017-12-20,0.0052337290464687936,0.0016314032733437077
2017-12-21,-0.009683043475344388,0.0014208210934999988
2017-12-22,-0.005614021370494271,-0.0010727551702040252
2017-12-27,0.002721902084486394,0.0023420580045986714
2017-12-28,0.0016080236298554153,0.0011615039810210451
2017-12-29,-0.013130900772167275,-0.0007902872342721761
2018-01-02,0.034200945161815446,0.006222419093436883
2018-01-03,0.02121413502817022,0.0037743738653426206
2018-01-04,0.007596308378555872,0.002528166239604645
2018-01-05,0.0016382756894946172,-0.0038688985641815656
2018-01-08,0.01273897502433925,-0.0019444091051437158
2018-01-09,-0.018321864842033356,9.744050154281686e-05
2018-01-10,-0.005470669565219111,-0.00436846323725854
2018-01-11,0.008680868383121921,0.002399687345172762
2018-01-12,-0.0032773214672315197,0.0013041123747002065
2018-01-16,0.0031166517969302373,-0.004454608256509225
2018-01-17,0.015779555842894387,0.0017068657478306196
2018-01-18,0.008008556231239616,-0.002586560664433191
2018-01-19,0.005957693906829165,0.004236551757594799
2018-01-22,0.006835626387511429,-0.0003350972821653377
2018-01-23,0.010066618943941386,0.0005853934247533768
2018-01-24,-0.01420326958630016,-0.004483556522828917
2018-01-25,-0.014267661077697903,-0.004925016319489795
2018-01-26,0.041819209357242884,0.002172918925623912
2018-01-29,0.0004343403489903259,-0.008898210628342987
2018-01-30,-0.01949553663942454,-0.008649420431048141
2018-01-31,0.023006100312571706,-0.00024066921082435756
2018-02-01,-0.025164160703473562,-0.005689059515398701
2018-02-02,-0.029150040268406507,-0.016070316223775128
2018-02-05,-0.05756396005484091,-0.017379179714507864
2018-02-06,0.033670040593207246,0.0018989475578765438
2018-02-07,0.0027615118820970785,-0.002170668572429083
2018-02-08,-0.041889319349609024,-0.017283755735268944
2018-02-09,0.030802207107847358,-0.002062976540611361
2018-02-12,0.01984382691625075,0.013791585104422854
2018-02-13,0.005412630817299835,-0.001667117179770465
2018-02-14,0.023008151132360235,0.0073473019695107404
2018-02-15,0.005857048722814874,0.005179318996860012
2018-02-16,-0.013465070092152743,0.0029193271398771496
2018-02-20,0.008952584938724174,-0.0008542229677258326
2018-02-21,-0.015348035292409778,0.005477530273118695
2018-02-22,-0.0012930711246396775,-0.0010203549211833891
2018-02-23,0.022582333925518405,0.008400733290904128
2018-02-26,0.023096274257637363,0.004873245110608732
2018-02-27,0.0017952110916936717,-0.002768752235174049
2018-02-28,-0.02079340799286049,-0.014579019408275676
2018-03-01,-0.02013020065912803,-0.0031555403595748643
2018-03-02,0.012545619155790244,-0.0006080310771439807
2018-03-05,-0.001296577127491849,0.010184866805030262
2018-03-06,0.00425436598718878,0.00025158802878526445
2018-03-07,0.008315268491507322,-0.004668968343262444
2018-03-08,-0.009426665984830263,0.004271418978439975
2018-03-09,0.014066460634728495,0.0025169415716886716
2018-03-12,0.004417259469323454,0.0017319507684328789
2018-03-13,-0.009676488917130155,0.0027139102801126158
2018-03-14,-0.002737656136346201,0.00041349409540664714
2018-03-15,0.0032013108322821453,0.001086650299835004
2018-03-16,-0.004977465635109147,0.0025978550944378157
2018-03-19,-0.02480349524092391,-0.007761278007654381
2018-03-20,0.0018789787929589742,0.0017300227911419988
2018-03-21,-6.815625032181593e-05,0.0037729662994449454
2018-03-22,-0.020761327178125313,-0.01756587442138197
2018-03-23,-0.026064569708986542,-0.011440961095277738
2018-03-26,0.032493503392353705,0.004914692447453761
2018-03-27,-0.0361648516759673,-0.005384820532128462
2018-03-28,-0.020505713450245166,-0.0030388704655176122
2018-03-29,0.025870468284692617,0.013009280194911804
2018-04-02,-0.04414200622810982,-0.010010873745468468
2018-04-03,0.01932077030460713,-0.00214875652794077
2018-04-04,0.007297209652104141,-0.0010796560909993582
2018-04-05,0.0020073645491956566,0.012640155838982989
2018-04-06,-0.03423715035700912,-0.009679572546325352
2018-04-09,0.008830076021809963,0.00133421798978267
2018-04-10,0.03729568887450507,0.0022616678815578642
2018-04-11,-0.0039918826483605,-0.00027781163061010985
2018-04-12,0.018976310783245288,0.0007451877388107669
2018-04-13,-0.0006709332798549908,0.0003078077733905359
2018-04-16,0.0037934408296399933,0.001729085496436084
2018-04-17,0.02214632681728146,0.0034587376261243233
2018-04-18,-0.005932325325278742,0.011506972442406524
2018-04-19,-0.031231086371997254,-0.00486478724685233
2018-04-20,-0.014322013136664303,0.001934721587739924
2018-04-23,-0.01153376048327126,0.004374748132304149
2018-04-24,-0.006698482525494632,-0.00482637026863319
2018-04-25,-0.012117857324330728,0.0021160431608192804
2018-04-26,0.045930721884983025,0.008242557101178301
2018-04-27,0.005605277375890828,0.002004145140011993
2018-04-30,-0.01286588619229572,-0.0038962456274934595
2018-05-01,0.013304687629120295,0.0007079757148312963
2018-05-02,-0.011067509660166097,0.0005762238514418081
2018-05-03,0.002206649404271133,-0.0004133624862666358
2018-05-04,0.026881567470091784,0.006909080899556847
2018-05-07,0.02232113117475927,0.005037064350833444
2018-05-08,0.004728556573840659,0.0021557845303482926
2018-05-09,0.013320923702507438,0.0042985070104799225
2018-05-10,0.020103737237889562,0.003060183611016693
2018-05-11,-0.007562037429361724,0.0014925279614022814
2018-05-14,0.012789742404949279,0.006399796788151703
2018-05-15,-0.014123654567739943,0.0007584418620120038
2018-05-16,0.01189713636328631,0.0006367325741824509
2018-05-17,0.002021002726982313,0.002203244835194293
2018-05-18,-0.002344277895704638,0.0011620740171771524
2018-05-22,-0.00249751136033618,-0.0010840034623762704
2018-05-23,0.015348053252638128,-0.0006807149551032624
2018-05-24,0.006516697320169352,-0.0012507902663971583
2018-05-25,0.014068552079508835,-0.002355150487599976
2018-05-29,-0.009679741491789717,-0.0058397341681577985
2018-05-30,0.012044825862894504,0.007916415713252994
2018-05-31,-0.0024426863610063744,0.0008000667968540766
2018-06-01,0.025959395426707447,-0.0011182019114029903
2018-06-04,0.012888303331559572,0.0005422743359631919
2018-06-05,0.0007341707465143621,0.004361385077721254
2018-06-06,0.019075621526863797,0.0038257687357534024
2018-06-07,-0.0121538247804587,0.0005468387468309838
2018-06-08,-0.004915245091483666,0.0006120011511303096
2018-06-11,0.004241045997616189,0.0037401196961739294
2018-06-12,0.004123108761527839,0.0015796311816365994
2018-06-13,0.006282546586088401,-0.0014218201508013305
2018-06-14,0.0089542108420557,0.003881759419445157
2018-06-15,0.0009945006498997431,-0.0008904425021556213
2018-06-18,-0.004031045952292422,0.004242259301893609
2018-06-19,-0.014084811685878253,-0.004095551474245851
2018-06-20,0.0021395937621629946,0.006399645022563012
2018-06-21,-0.020586656348918254,-0.005225032656454169
2018-06-22,-0.0024914848443765565,0.007039421125609485
2018-06-25,-0.035560210473187255,-0.01618101730441202
2018-06-26,0.0006685529144394355,0.005939831784062802
2018-06-27,-0.02375026526367785,-0.0029999834153251084
2018-06-28,0.011788026658364627,-0.0031642664613015375
2018-06-29,-0.0066587296598696,0.006047012680555934
2018-07-03,-0.014784081300635243,-0.0008950879514526724
2018-07-05,0.02932375673512726,-0.0023373599791961324
2018-07-06,0.020792036511513113,0.006465391375338812
2018-07-09,0.007006296859502515,0.004920662261525594
2018-07-10,0.0073114176432415474,0.005858133250346213
2018-07-11,-0.02093165758877442,-0.007940191144692849
2018-07-12,-0.012866261844640901,0.009142783353190322
2018-07-13,-0.012450023659414212,-0.0003802643984397856
2018-07-16,0.0027513525234590165,-0.004008786845334097
2018-07-17,0.013812717952696231,0.001485929142217062
2018-07-18,-0.001956304043550228,-0.0025328041725890624
2018-07-19,0.002993099636365293,0.003981817519754145
2018-07-20,-0.0061017952376505764,-0.006501235264924538
2018-07-23,0.009980663775739362,-0.0008895400554653768
2018-07-24,-0.006891040968908868,-0.001870184472901455
2018-07-25,0.011648371360794996,0.0018688076299576257
2018-07-26,0.041513482183740985,0.002129621284276804
2018-07-27,-0.017653249337689993,-0.003754315366136831
2018-07-30,0.0004979303144952542,-0.0029571884750167823
2018-07-31,-0.00531225350885094,0.005416791318940297
2018-08-01,0.00222484456912575,-0.0034830208816958226
2018-08-02,0.010366077005071174,0.00197780148344267
2018-08-03,0.0018891043737812251,0.0006752326139791278
2018-08-07,0.007474795742077744,-0.008157006231334153
2018-08-08,0.0007753212218770898,0.0017671294278013212
2018-08-09,-0.008600307265886011,0.006245755460592264
2018-08-10,-0.011659500145903667,-0.005510757764217253
2018-08-13,0.005406850078571934,-0.00464030585838616
2018-08-14,0.003970043164059312,0.004917926864913932
2018-08-15,-0.007675800885062034,-0.01115508426782245
2018-08-16,-0.003958047651074437,0.004777533517044904
2018-08-17,-0.004064721239311165,0.006043517517017777
2018-08-20,-0.00010704775732988117,0.0004484274714511302
2018-08-21,0.018289372143698305,-0.0020856002346454146
2018-08-22,0.008074000211575694,0.0030907585888665687
2018-08-23,0.01422824495568067,-0.0012570852505667143
2018-08-24,0.026290734907173752,0.0017921465272719497
2018-08-27,0.02061012421629509,0.005401059546773222
2018-08-28,0.006792285301940093,-0.005403058429044711
2018-08-29,0.0037725115279575896,0.0021246623468256015
2018-08-30,-0.0065603165074327174,-0.0011433598795385317
2018-08-31,0.008981179916554494,-0.006637734362354211
2018-09-04,0.027251011060916187,-0.006246126147398242
2018-09-05,0.0028991325866673857,-0.0014683224740583718
2018-09-06,-0.01715466870931095,-0.0022698584731157914
2018-09-07,0.008090156382464221,-0.0006626942277904316
2018-09-10,0.032195932714542665,-0.002062115800418532
2018-09-11,-0.012084757119699831,0.002314242493502861
2018-09-12,0.006263556883948396,-0.0028103204560634737
2018-09-13,0.0072166143641037685,-0.002947843544341107
2018-09-14,0.02040891104147409,0.0007361713216900354
2018-09-17,-0.010328046315085238,0.004297626563603544
2018-09-18,0.006022646383044995,0.0070717452903221855
2018-09-19,-0.0036325582614589623,-0.002847609662608934
2018-09-20,0.004207823016490831,0.004014261370954155
2018-09-21,-0.005271901448366423,0.0005784856380763934
2018-09-24,0.01381660311285411,-0.0010361110272168364
2018-09-25,-0.006218049988269936,-0.0029505186545338595
2018-09-26,-0.008838481915269215,0.0006052167455676633
2018-09-27,0.00432448919013535,0.002185626076114715
2018-09-28,0.007035475882885623,-0.008113735465564844
2018-10-01,0.009635997834590328,0.0019467260286416266
2018-10-02,-0.009227179814656705,-0.005414659196258466
2018-10-03,-0.0020261641524365716,0.003422564326041376
2018-10-04,-0.014064636425420864,-0.004067931595533812
2018-10-05,-0.020806481590949687,-0.003779674348256071
2018-10-09,0.00420743378879973,-0.005776935778309199
2018-10-10,-0.05915261490042216,-0.021234321829437883
2018-10-11,-0.01858195808614731,-0.012906156959284446
2018-10-12,0.02443038968499769,0.006343224873067061
2018-10-15,-0.012005133267914726,-0.00031269685467196526
2018-10-16,0.04093633242985102,0.011049698659330946
2018-10-17,-0.009734187319908385,-0.003199026427912157
2018-10-18,-0.022510766967188168,-0.008098571143407262
2018-10-19,-0.03433082348567347,0.004282617713561309
2018-10-22,0.02061042278508398,-0.0037103832554411177
2018-10-23,-0.009411526462822926,-0.008274345182868716
2018-10-24,-0.06765243190219057,-0.024601623665291318
2018-10-25,-0.008433992129060932,0.0010027412733003688
2018-10-26,-0.030450645074604977,-0.002400147948818266
2018-10-29,-0.02540814797811282,-0.01118397986064189
2018-10-30,0.04549570754591383,0.011734338648598163
2018-10-31,0.017109462163095328,0.00891470005706809
2018-11-01,0.04302432101773266,0.008176463072492092
2018-11-02,-0.016557931230438163,-0.002037603588083219
2018-11-05,-0.002725978224095682,0.006509569238746823
2018-11-06,0.012114406862432592,0.004929128580534404
2018-11-07,0.024086708820214707,0.005016769428047819
2018-11-08,-0.023384033333350863,-0.0007781680908140995
2018-11-09,-0.011138187172200387,-0.005406489480363552
2018-11-12,-0.06148198781302288,-0.007727942890214035
2018-11-13,0.01942770107078966,-0.0016243962946345426
2018-11-14,0.00925162215620583,8.855534510811982e-05
2018-11-15,0.030483144520604147,0.0007771034657756232
2018-11-16,-0.039397268448961,0.0007012270813635236
2018-11-19,-0.05308273453731716,-0.005574873808188432
2018-11-20,0.003420683230762323,-0.012873058938982869
2018-11-21,-0.009080002128766917,0.014654836324527824
2018-11-23,0.005084586077432385,-0.005357291946900216
2018-11-26,0.028668162551486274,0.00012790850278434645
2018-11-27,0.013031061421535584,-0.004566815319080875
2018-11-28,0.017686670634933545,0.01520065791894989
2018-11-29,-0.0016724675941933052,0.0015021834061135946
2018-11-30,0.015163682571728378,0.00024878175916338483
2018-12-03,0.04097800243209742,0.005077043944460446
2018-12-04,-0.059594263834081264,-0.01383897065659002
2018-12-06,-0.0005071652354425638,-0.016179004441915203
2018-12-07,-0.042339667177916,-0.009497891142799813
2018-12-10,0.02926133140081082,-0.004518378682715093
2018-12-11,0.0025033795749858758,-0.004104348912432458
2018-12-12,0.015761888592631966,0.007855967788009512
2018-12-13,-0.00029875153426084394,-0.0022126677426729737
2018-12-14,-0.00896087189702286,-0.010527207828966814
2018-12-17,-0.02059341381011648,-0.01592455534642863
2018-12-18,0.013826535372283243,0.0037764618646280307
2018-12-19,-0.042723661064067955,-0.010600760635615582
2018-12-20,-0.010232642012928506,-0.008573295401169027
2018-12-21,-0.0254596336693498,-0.014590111421696148
2018-12-24,-0.026159749277200328,-0.011140660072448376
2018-12-27,-0.004140758652134457,0.027940108227825496
2018-12-28,0.013989585553697826,0.004009118114027316
2018-12-31,0.008669643233768376,0.007091829559836913
2019-01-02,0.009838598954243884,0.0016965885305029352
2019-01-03,-0.06571842074646837,-0.009368404618056804
2019-01-04,0.05315612725533443,0.015047756415894236
2019-01-07,0.031538672976610414,0.0053727068433214705
2019-01-08,-0.005291789578790419,0.00696491275243675
2019-01-09,0.010690131028769789,0.013665042810241588
2019-01-10,0.004838612858696002,0.006670841008245353
2019-01-11,0.015157412141287142,0.0023947410975550362
2019-01-14,-0.0010716440710441203,0.0024331991447991363
2019-01-15,0.0007730674202736323,0.004724373694954369
2019-01-16,-0.015086590854016335,0.004318675446688455
2019-01-17,0.01162901470532436,0.0066149348234362405
2019-01-18,0.02108757900171612,0.006088269054027263
2019-01-22,-0.029352630211094643,-0.007841523079087337
2019-01-23,-0.010143044588277795,-0.0016693186711619647
2019-01-24,0.030641686332922663,0.004763836660566987
2019-01-25,0.007627112446069729,0.0055802125284179615
2019-01-28,-0.04784722007918823,0.0008180371663505929
2019-01-29,-0.025089145592904007,0.005495941768507097
2019-01-30,0.05950487427886913,0.0013845829501640582
2019-01-31,0.01443510027217243,0.0036197370927796477
2019-02-01,0.00827837605152535,-0.002206478514343132
2019-02-04,0.00940444834633214,0.0061916729383070645
2019-02-05,6.014189583558564e-05,0.0064330176537848735
2019-02-06,0.009244205001057295,0.00061263388629585
2019-02-07,-0.022386858531044673,-0.0005696170709462141
2019-02-08,0.005464502939108451,-0.004459555152527908
2019-02-11,-3.0417801953608552e-05,-0.004124521135292325
2019-02-12,0.016239816153165654,0.004704907555792496
2019-02-13,0.005488872243722009,-0.0009826046374847878
2019-02-14,0.005994008233159365,0.004431509343285511
2019-02-15,0.013673004086146492,0.009063467206252826
2019-02-19,0.0002826168801131733,0.006263322187313788
2019-02-20,0.005354286629932182,0.005885512353301363
2019-02-21,-0.00583584030404205,-0.0018950499150408328
2019-02-22,0.012078419898665782,0.0007593341857874911
2019-02-25,0.00557407863570103,0.0027490147074160595
2019-02-26,-0.007956902139797896,0.0006775848335588337
2019-02-27,-0.010697415224709194,0.00039768706695515586
2019-02-28,0.0021033046242395995,-0.004683874258910127
2019-03-01,0.006497635656095424,0.0043277677806314125
2019-03-04,0.0002628851108780636,-0.0018745040685825029
2019-03-05,0.0019288123627710042,0.003018431699955149
2019-03-06,-0.01861869181305753,0.0003437656574999245
2019-03-07,-0.015012362081683862,-0.0022097840737704652
2019-03-08,-0.002113388869650068,-0.003755486092556919
2019-03-11,0.03261239885442544,0.006878504345716933
2019-03-12,0.009406127352108396,0.0018887089724231151
2019-03-13,0.012759369882652472,0.0008248299214335241
2019-03-14,-0.014047749379562567,-0.003865022659484821
2019-03-15,0.033376953630715224,0.0032820410814574682
2019-03-18,0.0010789788142597568,0.0068784134173051036
2019-03-19,0.03613240009397468,-0.0038932102339679937
2019-03-20,-0.009968018183927452,-0.0012688332787665552
2019-03-21,0.03715288530489631,0.004764478993738119
2019-03-22,-0.029038130956835766,-0.00955764349854322
2019-03-25,-0.009995756675344048,-0.0014587307240263793
2019-03-26,0.012024966485473222,0.00555837035801378
2019-03-27,-0.012155417452556239,-0.0014007908309171312
2019-03-28,0.002823322065399792,0.0014232113623838993
2019-03-29,0.01130525809344154,-0.0033053779241607427
2019-04-01,0.01874353275599865,0.007823208043179448
2019-04-02,0.0023752755220227905,0.002206671653913118
2019-04-03,0.02660392199412951,0.000983160834413936
2019-04-04,0.0008646200149794224,0.0019502624715445956
2019-04-05,0.002905352414401596,0.0051828115066508374
2019-04-08,-0.002599837228121294,0.0006794277925000331
2019-04-09,-0.014748549749766582,-0.004317592972392158
2019-04-10,0.007698293060916096,0.003662974514046818
2019-04-11,-0.000982041742350348,0.00019394631346483204
2019-04-12,0.00970751149908089,0.0049428426650372035
2019-04-15,-0.009378176148972229,0.002119470672363103
2019-04-16,0.057428982144625045,-0.0008028840855779009
2019-04-17,0.028170375620138757,0.0025475391159967076
2019-04-18,0.0009748292020017368,0.004144644903603895
2019-04-22,0.009994567004100997,-0.002138711030825157
2019-04-23,0.012703993457810682,0.005557003320207092
2019-04-24,0.003226694722160883,-0.004971984594526559
2019-04-25,-0.01948960006395146,-0.0006282209890924613
2019-04-26,-0.023064126186346238,0.0022538474068086334
2019-04-29,-0.002109157146059948,-0.0007879153409344078
2019-04-30,0.0022317641902203315,-0.001183106159681948
2019-05-01,-0.006735974129046829,-0.004703049865717587
2019-05-02,0.013078804202072991,-0.005566950962718273
2019-05-03,0.008899487441802157,0.0050911346618828035
2019-05-06,-0.016123747086616413,-5.88077308522431e-05
2019-05-07,-0.025565762372562185,-0.008228109808372477
2019-05-08,-0.00485043052422538,0.002423927496141062
2019-05-09,-0.015389937517416819,-0.004613536292339118
2019-05-10,0.006964622451671199,-0.0014826841484522632
2019-05-13,-0.04236119098650937,-0.0063899175029375225
2019-05-14,0.025824671634548005,0.005626980358059285
2019-05-15,0.0027556439942353797,0.0020639220167851797
2019-05-16,-0.009175787544706361,0.007704309437227599
2019-05-17,-0.01918932006322156,-0.0025608342566769957
2019-05-21,0.0184900163439933,0.0015071562485711077
2019-05-22,-0.03149365224115608,-0.006034163152521557
2019-05-23,-0.02147738433958688,-0.009967324764888348
2019-05-24,-0.011343406619894924,0.004047731433050367
2019-05-28,0.008890797573701882,-0.0030097891557052466
2019-05-29,-0.006666790525229827,-0.010185022696788322
2019-05-30,0.004558730716254656,-0.0026178643359842323
2019-05-31,-0.01593233255323581,-0.0032164353319361263
2019-06-03,-0.0031285445564451122,-0.0013468441757407401
2019-06-04,0.04956391976982064,0.009387551987432505
2019-06-05,-0.008113892725903482,0.0028714159878858703
2019-06-06,0.028787708998742854,0.000933838124033898
2019-06-07,0.015004641395562636,0.0001947275662751485
2019-06-10,0.021690997099770605,-0.0009056765588726058
2019-06-11,0.002722871227233803,0.002004161255431277
2019-06-12,-0.017009123382806378,-0.0013244087548834765
2019-06-13,0.0018976004336575649,0.0007407297852253641
2019-06-14,-0.028252955802056806,0.003857934413267577
2019-06-17,-0.006183209026576076,0.003161592721343749
2019-06-18,0.042080017909444586,0.009166261553372397
2019-06-19,-0.0014717422244789446,0.0005114113195201174
2019-06-20,0.0023456784920210527,0.0038178780132257536
2019-06-21,-0.011664464139944864,-0.002980422725301041
2019-06-24,0.008041669322900936,-0.00011860508319596687
2019-06-25,-0.011175781815958375,-0.009210535075259646
2019-06-26,0.03354658223802565,-0.0036075371015584184
2019-06-27,0.01173923335175613,-0.000275253766807938
2019-06-28,0.0037476338695175975,0.004566546049020996
2019-07-02,-0.008829126591047376,0.005438219530954337
2019-07-03,-0.006073508445338272,0.006369264338130155
2019-07-05,-0.004409670596245885,-0.002824788939558616
2019-07-08,-0.006973777269916592,-0.0047781433793637204
2019-07-09,0.0069945564233095505,0.00499667435058713
2019-07-10,0.002827309829374735,0.0010927634040306378
2019-07-11,0.004431603831283203,-0.0021366528026738295
2019-07-12,0.01791549323325632,-0.0024068393443814682
2019-07-15,0.011008280493190447,0.0013767488349187614
2019-07-16,-0.009454281789834896,-0.0005087572876454019
2019-07-17,0.0034844954772109697,-0.0011034745207066073
2019-07-18,-0.0011507820846469398,0.0006078544255381627
2019-07-19,-0.0018701953068832378,-0.0005026000001213074
2019-07-22,0.01658278933491957,0.001998066230982421
2019-07-23,0.008852159250414028,0.0032568794010247224
2019-07-24,0.018349873889088687,0.0023629250066977614
2019-07-25,-0.014958288987343039,-0.007442884111573397
2019-07-26,0.0018389537127995405,0.002598221758591001
2019-07-29,-1.9023703969444478e-06,-0.002351334217327078
2019-07-30,-0.001940825750219144,-0.0015837818795221602
2019-07-31,-0.04310489022525639,-0.003612888336911279
2019-08-01,-0.021099138758635096,-0.0017992802878848725
2019-08-02,-0.015551239838543252,-0.006434618221607874
2019-08-06,0.0054998914188383536,-0.007508146064998904
2019-08-07,0.009621048395197486,0.007166170572569137
2019-08-08,0.046059251362405546,0.008564901058823644
2019-08-09,-0.004429636001774195,-0.0038519847871288414
2019-08-12,-0.020348593121632442,-0.006337913537078336
2019-08-13,0.022207820401316948,0.006963394604061993
2019-08-14,-0.03558873005320382,-0.018647360013308162
2019-08-15,-0.007630598219505115,-0.0020821466364700264
2019-08-16,0.037984844119730535,0.00857203702350598
2019-08-19,0.02714492685357049,0.009551826989700696
2019-08-20,-0.006569221447168071,-0.005565488329586807
2019-08-21,0.01948608785081194,0.005916126935215578
2019-08-22,0.0012295599485050213,-0.00341953605412398
2019-08-23,-0.05330224107509254,-0.013282095012385007
2019-08-26,0.0134543131198575,0.0038166606183726564
2019-08-27,-0.0022018267239736432,0.005267476624019524
2019-08-28,0.004531917072267677,0.005441314319010769
2019-08-29,0.02716020035493689,0.006934760764888746
2019-08-30,0.005865010246152403,0.0035142991939326827
2019-09-03,-0.022216410713244896,-0.0026055113498482945
2019-09-04,0.02597793875191621,0.0030251420341077346
2019-09-05,0.031997200977052075,0.007658290797405845
2019-09-06,-0.0037090598926335264,-0.002381927756637908
2019-09-09,0.003225126910957111,-0.0024335770740590962
2019-09-10,0.004619774487236806,0.0025613682617069687
2019-09-11,0.007305642196196339,0.004462628209857164
2019-09-12,0.0034864905914205884,0.001934846133377927
2019-09-13,-0.009634690265032386,0.002351699905307092
2019-09-16,-0.004403716690389703,0.004129496799625178
2019-09-17,0.0028403862403901803,0.004981102970454172
2019-09-18,-0.005900947875716022,-0.0020469564442595896
2019-09-19,-0.004572254164286771,0.0034558927256611444
2019-09-20,-0.018684983535085388,0.0024521972790931585
2019-09-23,0.01007574760734773,-0.0019225204722688976
2019-09-24,-0.021619696267545653,-0.004083072472016634
2019-09-25,0.012347537585775538,-0.0008357973679526996
2019-09-26,-0.0007936139743173864,0.000364030888408183
2019-09-27,-0.01581696177105669,-0.005725295406899241
2019-09-30,0.00803014490967402,-0.002134864237849239
2019-10-01,-0.007674804575465989,-0.01266430672870465
2019-10-02,-0.01703109484937033,-0.008310604669600449
2019-10-03,0.022707707513181897,0.0035595675793653786
2019-10-04,0.01631462975029061,0.0049068270997119495
2019-10-07,-0.005906012263939342,-0.0016778778492766307
2019-10-08,-0.02934672109312704,-0.00778236180675015
2019-10-09,0.014777028664446901,0.005273122846209794
2019-10-10,0.007120998675806445,0.0026135738562027347
2019-10-11,0.02604659452578719,-0.00045790333855378273
2019-10-15,0.025841051634709667,0.00019676932786519068
2019-10-16,-0.002587690459100767,0.0005353752712659934
2019-10-17,0.0025252711058642687,-5.356975451666193e-05
2019-10-18,-0.012064791008314814,-0.002993979167554378
2019-10-21,0.02096768322125957,0.00252364274060396
2019-10-22,-0.006864306218143712,-0.0016402279143281058
2019-10-23,-0.010701549913143805,-0.003391387741954385
2019-10-24,0.01206460975296877,0.002043960766237332
2019-10-25,0.0385495251947698,0.0021485315211628763
2019-10-28,0.01762339399944839,-0.0010338632898677597
2019-10-29,-0.014823292533911084,0.0018678836896103674
2019-10-30,0.002512149571245637,0.0050730472513939385
2019-10-31,0.00199379129694206,-0.0011071767719525178
2019-11-01,0.01750114998492105,0.006728685519038816
2019-11-04,0.02902113280456269,0.004564281095596295
2019-11-05,0.004943650458130743,0.0007264629890800761
2019-11-06,-0.005416485189609244,0.0038197042067100893
2019-11-07,0.015940626717439167,0.0035895910816188922
2019-11-08,0.010348968968313877,0.004264611814408655
2019-11-11,-0.004309468788046678,0.0003163990704740503
2019-11-12,0.002917150161461391,0.0015767564071278999
2019-11-13,7.707577295255093e-05,0.002874735797527797
2019-11-14,0.0023623537591151104,0.0008367736978261391
2019-11-15,-0.0004444477747726607,0.003316603995479713
2019-11-18,0.013858123933675737,-0.00019731661153354245
2019-11-19,0.002074565622035252,-0.0008052811406210666
2019-11-20,-0.009083701873753314,-0.0003280153308958549
2019-11-21,-0.005861051484175062,-0.0003898665280475166
2019-11-22,-0.004047302290531296,-0.002608947838102789
2019-11-25,0.02115025778203532,0.004601635875065789
2019-11-26,-0.011156408995818268,0.0001773043399640716
2019-11-27,0.0037469712909094623,0.003797279623946558
2019-11-29,-0.008596838864815838,-0.004342511504850835
2019-12-02,-0.01653334242107416,-0.0034465557915986642
2019-12-03,-0.013367807717942303,-0.005258084253012305
2019-12-04,0.011389226718962987,0.00030546678995842187
2019-12-05,0.001404059412942016,-0.002510454308192999
2019-12-06,0.012013294745993441,0.008427806242925088
2019-12-09,-0.002950542106475962,-0.002713424804538845
2019-12-10,0.0031153752303562992,-8.84911376112804e-06
2019-12-11,0.01477048157977432,-0.000654250266950636
2019-12-12,0.03346550987121675,0.0004303522926443332
2019-12-13,-0.01629291636854322,0.003318010963657044
2019-12-16,0.012811558052406991,0.0031306000718690948
2019-12-17,0.0035342612858547894,0.0011045733087247304
2019-12-18,-8.679535385012216e-05,-0.0025311562968516423
2019-12-19,0.009582330597433231,0.001882341336709021
2019-12-20,0.010541923973468247,0.003187990651686108
2019-12-23,0.005881674927269299,0.0005999378448036408
2019-12-24,0.006522468174409136,0.003003145012088028
2019-12-27,-0.003007642436096969,-0.0006949881112797226
2019-12-30,-0.011012840392861012,-0.004056916824759123
